{"type":"FeatureCollection", "features": [
{"type":"Feature","geometry":{"type":"Polygon","coordinates":[[[105.68095,10.135172],[105.623078,10.187381],[105.588675,10.249481],[105.495104,10.326026],[105.424748,10.304099],[105.439459,10.270655],[105.334535,10.235392],[105.299155,10.277684],[105.223977,10.201963],[105.298891,10.13693],[105.309789,10.148035],[105.362822,10.074178],[105.538253,9.913049],[105.51874,9.860119],[105.428996,9.816679],[105.432493,9.792381],[105.403712,9.77175],[105.411778,9.752206],[105.326512,9.701454],[105.337413,9.677127],[105.370942,9.673347],[105.368824,9.659975],[105.404658,9.651671],[105.397596,9.623013],[105.387523,9.628994],[105.372017,9.597281],[105.377818,9.586566],[105.413393,9.602489],[105.416144,9.593747],[105.44543,9.597276],[105.447272,9.587825],[105.472493,9.594333],[105.510234,9.584967],[105.52779,9.596133],[105.544449,9.587432],[105.553634,9.554334],[105.542161,9.454593],[105.579595,9.413],[105.598762,9.423819],[105.614338,9.407679],[105.626289,9.420244],[105.648027,9.388471],[105.67136,9.391778],[105.700093,9.378471],[105.703762,9.397407],[105.721351,9.391586],[105.749065,9.412026],[105.769919,9.41227],[105.78244,9.403954],[105.774603,9.394776],[105.783721,9.383745],[105.813299,9.371227],[105.819157,9.394803],[105.841173,9.405031],[105.858093,9.362693],[105.810365,9.340404],[105.825779,9.246475],[106.100236,9.341719],[106.124577,9.333775],[106.137945,9.341632],[106.138016,9.333725],[106.157762,9.34533],[106.193563,9.389042],[106.187499,9.415292],[106.166236,9.425735],[106.200606,9.455728],[106.209849,9.500678],[106.238125,9.492909],[106.260797,9.506051],[106.301682,9.581526],[106.223065,9.637354],[106.111567,9.75193],[106.00014,9.842696],[105.982464,9.882963],[105.861494,9.964652],[105.785281,10.066147],[105.68095,10.135172]]]},"properties":{"id":"diaphanhanhchinhcaptinh_sn.1","ten":"Thành phố Cần Thơ","type":"Thành phố","ma":"92","area_km2":6360.83,"population":4199824,"density":660.2635190690523,"capital":"Cần Thơ (cũ)","decree":"Nghị quyết số 202/2025/QH15","predecessors":"thành phố Cần Thơ, tỉnh Sóc Trăng và tỉnh Hậu Giang","macro_region":"mekong_delta","parent_ma":null,"parent_ten":null}},
{"type":"Feature","geometry":{"type":"MultiPolygon","coordinates":[[[[108.541003,15.904834],[108.54061,15.915125],[108.530224,15.905981],[108.541003,15.904834]]],[[[108.523264,15.96136],[108.50138,15.980736],[108.48172,15.966832],[108.537971,15.924003],[108.536785,15.957521],[108.523264,15.96136]]],[[[108.192161,16.211152],[108.156887,16.207163],[108.120169,16.183254],[108.057148,16.180121],[107.987566,16.214711],[107.953854,16.190236],[107.907366,16.216019],[107.865604,16.184927],[107.873074,16.161918],[107.857399,16.155548],[107.853976,16.114526],[107.825148,16.089534],[107.813887,16.054531],[107.773293,16.066444],[107.767873,16.052614],[107.724791,16.031106],[107.722215,16.008926],[107.705464,15.997326],[107.675703,16.000005],[107.662569,16.019137],[107.619254,16.03305],[107.617533,16.064948],[107.551282,16.045235],[107.558359,16.023362],[107.547009,16.011933],[107.510167,16.017489],[107.489083,16.041807],[107.465868,16.026379],[107.425781,15.930976],[107.397245,15.895326],[107.324528,15.889765],[107.301133,15.867336],[107.208833,15.827834],[107.227336,15.786507],[107.21106,15.744536],[107.247047,15.74558],[107.247478,15.726617],[107.271518,15.708571],[107.263074,15.655935],[107.273322,15.654309],[107.273727,15.636234],[107.340687,15.614962],[107.35169,15.592664],[107.340932,15.578774],[107.363077,15.570026],[107.380011,15.494535],[107.427701,15.491143],[107.429977,15.502875],[107.448822,15.504775],[107.471696,15.496712],[107.476267,15.478883],[107.512057,15.473494],[107.525044,15.442602],[107.516723,15.417148],[107.559335,15.395522],[107.601534,15.422388],[107.622156,15.414096],[107.634995,15.416852],[107.653672,15.396167],[107.662818,15.353378],[107.692035,15.317787],[107.706116,15.304023],[107.728555,15.309245],[107.734723,15.232169],[107.757252,15.238456],[107.807785,15.212539],[107.869493,15.211269],[107.887722,15.194944],[107.912831,15.213148],[107.927693,15.209984],[107.948573,15.176339],[107.997279,15.157038],[108.000917,15.120635],[107.974271,15.070946],[107.94814,15.054271],[107.955337,15.037913],[107.988445,15.000195],[108.041795,14.994629],[108.096663,14.953287],[108.142831,14.960764],[108.159998,14.975274],[108.145653,15.04625],[108.15836,15.061093],[108.173817,15.061534],[108.211134,15.033812],[108.238842,15.034683],[108.233917,15.079323],[108.25456,15.09057],[108.256133,15.118616],[108.304549,15.175137],[108.289542,15.200576],[108.305655,15.224811],[108.286123,15.229035],[108.279662,15.244777],[108.300836,15.259767],[108.298591,15.285855],[108.315339,15.300858],[108.397896,15.300946],[108.430546,15.327114],[108.437693,15.312757],[108.482516,15.309185],[108.501612,15.326326],[108.523962,15.321376],[108.642343,15.368485],[108.713571,15.372237],[108.736995,15.398656],[108.694431,15.44185],[108.68877,15.483979],[108.671859,15.488484],[108.678406,15.510766],[108.671912,15.516362],[108.668499,15.501334],[108.649028,15.499118],[108.616786,15.515187],[108.524185,15.628137],[108.420853,15.79338],[108.402158,15.871779],[108.320971,15.927743],[108.278387,15.983015],[108.24722,16.051986],[108.2468,16.086747],[108.25739,16.102606],[108.293588,16.10641],[108.306234,16.097658],[108.311734,16.113468],[108.335615,16.11995],[108.323292,16.139329],[108.312496,16.143975],[108.303769,16.123936],[108.246229,16.155984],[108.212392,16.123389],[108.23985,16.111704],[108.235765,16.094449],[108.22358,16.109957],[108.197515,16.074303],[108.162638,16.084152],[108.130328,16.113377],[108.123492,16.142638],[108.136715,16.145887],[108.138612,16.165164],[108.151372,16.162463],[108.154287,16.190268],[108.190491,16.201382],[108.192161,16.211152]]],[[[108.206125,16.213129],[108.201798,16.226579],[108.197283,16.213929],[108.206125,16.213129]]]]},"properties":{"id":"diaphanhanhchinhcaptinh_sn.132","ten":"Thành phố Đà Nẵng","type":"Thành phố","ma":"48","area_km2":11859.59,"population":3065628,"density":258.4935904192303,"capital":"Đà Nẵng (cũ)","decree":"Nghị quyết số 202/2025/QH15","predecessors":"thành phố Đà Nẵng và tỉnh Quảng Nam","macro_region":"central_coast","parent_ma":null,"parent_ten":null}},
{"type":"Feature","geometry":{"type":"MultiPolygon","coordinates":[[[[107.733149,20.12933],[107.738706,20.14704],[107.71431,20.129561],[107.733149,20.12933]]],[[[107.018093,20.716675],[107.005045,20.726386],[107.022898,20.710346],[107.018093,20.716675]]],[[[107.067796,20.733645],[107.059726,20.728616],[107.068856,20.724779],[107.067796,20.733645]]],[[[107.076432,20.75717],[107.052469,20.760469],[107.084437,20.746284],[107.076432,20.75717]]],[[[107.080562,20.776048],[107.069432,20.764749],[107.084275,20.757795],[107.099558,20.774491],[107.080562,20.776048]]],[[[106.896585,20.806938],[106.882625,20.817416],[106.842826,20.81022],[106.857364,20.787006],[106.907678,20.796606],[106.896585,20.806938]]],[[[106.868578,20.833395],[106.854641,20.836291],[106.841219,20.818342],[106.878307,20.821243],[106.868578,20.833395]]],[[[106.963428,20.874343],[106.957312,20.878147],[106.962046,20.870715],[106.955838,20.872339],[106.955788,20.858629],[106.973985,20.864992],[106.963428,20.874343]]],[[[106.960691,20.855608],[106.954524,20.856467],[106.950139,20.862396],[106.949147,20.879569],[106.948046,20.850963],[106.922093,20.849134],[106.906945,20.828427],[106.915093,20.800676],[106.951175,20.793771],[106.9733,20.765678],[106.967098,20.756883],[106.996792,20.728955],[106.994852,20.74977],[107.013547,20.748592],[107.010831,20.739196],[107.039905,20.739059],[107.013753,20.734607],[107.019975,20.724134],[107.0333,20.721492],[107.033188,20.732151],[107.051242,20.715313],[107.053922,20.747724],[107.062927,20.737388],[107.071003,20.745292],[107.043879,20.759036],[107.055275,20.767923],[107.047358,20.774291],[107.099676,20.777906],[107.09406,20.790782],[107.10774,20.787748],[107.105316,20.803817],[107.046018,20.83511],[107.034104,20.862349],[107.006866,20.860492],[107.012335,20.840412],[106.994076,20.86219],[106.980207,20.846808],[106.980291,20.857934],[106.960691,20.855608]]],[[[106.834464,20.813701],[106.821504,20.830349],[106.783071,20.836967],[106.757025,20.859821],[106.751344,20.885212],[106.767727,20.910674],[106.768385,20.946197],[106.765678,20.97562],[106.749804,20.99486],[106.651465,21.019921],[106.622137,21.012901],[106.574534,21.057695],[106.51384,21.047026],[106.515824,21.060691],[106.453786,21.066393],[106.439472,21.078303],[106.448906,21.095288],[106.439695,21.117308],[106.48264,21.131048],[106.499546,21.226439],[106.422276,21.231808],[106.342868,21.166139],[106.311045,21.193874],[106.321062,21.150888],[106.293179,21.111011],[106.30753,21.058372],[106.271369,20.993065],[106.228719,20.99725],[106.16644,20.970044],[106.165414,20.989005],[106.135173,21.001926],[106.126171,20.984138],[106.133356,20.961826],[106.156128,20.951299],[106.146469,20.929675],[106.155428,20.919425],[106.134755,20.904134],[106.145353,20.884891],[106.129484,20.807466],[106.151746,20.781686],[106.163404,20.785552],[106.178228,20.764941],[106.213548,20.750645],[106.210338,20.73041],[106.247546,20.687711],[106.267533,20.685031],[106.247199,20.695793],[106.260259,20.704819],[106.286793,20.695934],[106.282755,20.712407],[106.30087,20.691151],[106.331958,20.711795],[106.355955,20.702027],[106.405651,20.729394],[106.4193,20.709359],[106.400463,20.690988],[106.45279,20.640864],[106.448293,20.621875],[106.470109,20.598793],[106.492778,20.617099],[106.527372,20.60346],[106.545082,20.627777],[106.568013,20.620783],[106.5998,20.640472],[106.64979,20.618233],[106.675727,20.616607],[106.703592,20.645932],[106.696966,20.687839],[106.728997,20.679334],[106.76759,20.71024],[106.762336,20.69343],[106.781558,20.700517],[106.807614,20.674499],[106.789653,20.702075],[106.79927,20.722277],[106.759298,20.776779],[106.776094,20.794558],[106.812527,20.796128],[106.834464,20.813701]]]]},"properties":{"id":"diaphanhanhchinhcaptinh_sn.107","ten":"Thành phố Hải Phòng","type":"Thành phố","ma":"31","area_km2":3194.72,"population":4664124,"density":1459.9476636450145,"capital":"Hải Phòng (cũ)","decree":"Nghị quyết số 202/2025/QH15","predecessors":"thành phố Hải Phòng và tỉnh Hải Dương","macro_region":"red_river_delta","parent_ma":null,"parent_ten":null}},
{"type":"Feature","geometry":{"type":"MultiPolygon","coordinates":[[[[107.503661,10.772613],[107.48364,10.769971],[107.470375,10.794789],[107.439097,10.801849],[107.358681,10.726909],[107.348408,10.679505],[107.315674,10.670035],[107.297498,10.687373],[107.305995,10.69441],[107.298838,10.756031],[107.205031,10.759634],[107.204952,10.775689],[107.186571,10.772566],[107.136555,10.745457],[107.135167,10.701491],[107.093583,10.654011],[107.043201,10.658498],[106.997126,10.635758],[107.006665,10.613828],[106.988831,10.606138],[106.981695,10.579703],[106.909485,10.608907],[106.880201,10.649006],[106.822867,10.629842],[106.805468,10.65762],[106.754146,10.69684],[106.753348,10.721566],[106.815081,10.780959],[106.823708,10.761434],[106.843606,10.775954],[106.867792,10.767414],[106.863716,10.788964],[106.880231,10.811987],[106.846928,10.85933],[106.836512,10.903388],[106.815109,10.903348],[106.807345,10.920844],[106.788798,10.924097],[106.760217,10.964605],[106.794434,10.972829],[106.773283,11.005024],[106.810461,11.031269],[106.799598,11.060297],[106.826131,11.06531],[106.837452,11.041777],[106.871691,11.020907],[106.906042,11.023129],[106.920927,11.057407],[106.945655,11.059848],[106.945934,11.090294],[106.964103,11.110983],[106.952205,11.141547],[106.964176,11.148671],[106.932107,11.18951],[106.904637,11.193731],[106.899539,11.209823],[106.916148,11.221388],[106.909527,11.24309],[106.929948,11.246279],[106.925534,11.273601],[106.948767,11.339701],[106.937757,11.352734],[106.909903,11.356031],[106.870842,11.328118],[106.873169,11.308375],[106.855013,11.318951],[106.852666,11.377772],[106.786649,11.383879],[106.78721,11.401989],[106.768228,11.404894],[106.768934,11.427527],[106.803856,11.452231],[106.795264,11.492142],[106.751548,11.477003],[106.753635,11.449787],[106.725725,11.433708],[106.708084,11.400969],[106.672986,11.398334],[106.676191,11.370269],[106.664913,11.354993],[106.614365,11.364219],[106.611648,11.388519],[106.559636,11.371499],[106.537198,11.388642],[106.546604,11.407971],[106.540428,11.429335],[106.571394,11.456792],[106.554925,11.485007],[106.54029,11.46893],[106.491454,11.498274],[106.42166,11.496019],[106.365622,11.446852],[106.327888,11.350982],[106.344031,11.323717],[106.339037,11.287287],[106.354237,11.287262],[106.350593,11.250455],[106.377987,11.233192],[106.385642,11.187694],[106.429788,11.174345],[106.428445,11.149483],[106.446956,11.131318],[106.42646,11.09241],[106.411366,11.008629],[106.355524,10.991774],[106.372142,10.971439],[106.410342,10.975835],[106.53016,10.90329],[106.502911,10.789956],[106.461843,10.75754],[106.485684,10.730445],[106.527586,10.718668],[106.532641,10.688325],[106.548926,10.686098],[106.554006,10.652326],[106.605121,10.6587],[106.637792,10.624303],[106.684733,10.657252],[106.729769,10.636549],[106.730427,10.610959],[106.71753,10.60589],[106.72687,10.58137],[106.73545,10.587248],[106.742456,10.576022],[106.745673,10.535042],[106.732825,10.498018],[106.812184,10.388686],[106.832642,10.396134],[106.895756,10.37847],[106.970239,10.408661],[106.971668,10.459131],[106.997648,10.506672],[107.016262,10.495319],[107.018094,10.473928],[107.031838,10.479364],[107.057399,10.445367],[107.111843,10.43694],[107.120146,10.42624],[107.100334,10.394535],[107.07511,10.39416],[107.078876,10.374238],[107.054983,10.384736],[107.082567,10.321274],[107.107303,10.360282],[107.16276,10.399087],[107.209476,10.406378],[107.23866,10.379918],[107.253534,10.380708],[107.329429,10.452869],[107.367158,10.468498],[107.44293,10.470111],[107.46892,10.499125],[107.50996,10.502735],[107.568782,10.570341],[107.56588,10.618391],[107.53726,10.678406],[107.542352,10.705549],[107.504321,10.747216],[107.503661,10.772613]]],[[[106.666531,8.682139],[106.656885,8.675913],[106.671469,8.658135],[106.709106,8.668268],[106.666531,8.682139]]],[[[106.741532,8.68908],[106.738577,8.699828],[106.731706,8.689095],[106.741532,8.68908]]],[[[106.656114,8.760529],[106.621609,8.744459],[106.618427,8.731554],[106.592001,8.725637],[106.588302,8.707374],[106.566717,8.693828],[106.555238,8.675879],[106.573971,8.649845],[106.539062,8.662023],[106.556626,8.63159],[106.574963,8.647753],[106.611765,8.641341],[106.600959,8.678205],[106.622601,8.679214],[106.634243,8.700596],[106.657865,8.693964],[106.637376,8.716713],[106.64361,8.731793],[106.661506,8.734377],[106.650915,8.75066],[106.668394,8.753537],[106.656114,8.760529]]]]},"properties":{"id":"diaphanhanhchinhcaptinh_sn.49","ten":"Thành phố Hồ Chí Minh","type":"Thành phố","ma":"79","area_km2":6772.59,"population":14002598,"density":2067.539597111297,"capital":"Tp. HCM (cũ)","decree":"Nghị quyết số 202/2025/QH15","predecessors":"TPHCM, tỉnh Bà Rịa - Vũng Tàu và tỉnh Bình Dương","macro_region":"southeast","parent_ma":null,"parent_ten":null}},
{"type":"Feature","geometry":{"type":"Polygon","coordinates":[[[108.192161,16.211152],[108.10258,16.22071],[108.057773,16.272883],[108.021338,16.344502],[108.020066,16.321239],[108.001834,16.313261],[107.967932,16.323142],[107.952981,16.345523],[107.932586,16.341933],[107.712176,16.522616],[107.57239,16.602189],[107.385952,16.743931],[107.367961,16.734873],[107.350026,16.709122],[107.355538,16.698773],[107.316634,16.663168],[107.326704,16.643334],[107.319531,16.653907],[107.304697,16.641515],[107.33257,16.599998],[107.323412,16.586692],[107.300946,16.587366],[107.269053,16.566564],[107.24415,16.587648],[107.169999,16.579457],[107.136074,16.571274],[107.119248,16.554542],[107.059836,16.544633],[107.053663,16.525244],[107.063968,16.512756],[107.122341,16.48373],[107.129391,16.449125],[107.146666,16.436714],[107.139278,16.407334],[107.151022,16.391799],[107.110114,16.386732],[107.093302,16.405105],[107.059744,16.411946],[107.057981,16.386251],[107.03254,16.359603],[107.059721,16.349026],[107.079583,16.313283],[107.153619,16.258701],[107.142619,16.214866],[107.157862,16.16991],[107.193089,16.145639],[107.242239,16.148235],[107.261053,16.137941],[107.332514,16.056005],[107.3755,16.074332],[107.394418,16.064012],[107.407381,16.085138],[107.426599,16.079239],[107.447705,16.090793],[107.459427,16.07408],[107.445278,16.042593],[107.465868,16.026379],[107.489083,16.041807],[107.510167,16.017489],[107.547009,16.011933],[107.558359,16.023362],[107.551282,16.045235],[107.617533,16.064948],[107.619254,16.03305],[107.662569,16.019137],[107.675703,16.000005],[107.705464,15.997326],[107.722215,16.008926],[107.724791,16.031106],[107.767873,16.052614],[107.773293,16.066444],[107.813887,16.054531],[107.825148,16.089534],[107.853976,16.114526],[107.857399,16.155548],[107.873074,16.161918],[107.865604,16.184927],[107.907366,16.216019],[107.953854,16.190236],[107.987566,16.214711],[108.057148,16.180121],[108.120169,16.183254],[108.156887,16.207163],[108.192161,16.211152]]]},"properties":{"id":"diaphanhanhchinhcaptinh_sn.134","ten":"Thành phố Huế","type":"Thành phố","ma":"46","area_km2":4947.11,"population":1432986,"density":289.6612365603352,"capital":"giữ nguyên","decree":"Nghị quyết số 202/2025/QH15","predecessors":"giữ nguyên","macro_region":"central_coast","parent_ma":null,"parent_ten":null}},
{"type":"Feature","geometry":{"type":"Polygon","coordinates":[[[105.889954,21.327253],[105.858746,21.338661],[105.848622,21.377436],[105.797131,21.384013],[105.782894,21.361602],[105.75736,21.30338],[105.722898,21.268277],[105.735577,21.237269],[105.695571,21.216229],[105.68502,21.235907],[105.673767,21.228615],[105.664517,21.240156],[105.645157,21.237678],[105.657113,21.221957],[105.612495,21.206844],[105.626777,21.170718],[105.494557,21.159496],[105.467854,21.179438],[105.441377,21.273075],[105.392238,21.304991],[105.360401,21.283884],[105.343828,21.226453],[105.300075,21.193504],[105.286957,21.165959],[105.317115,21.115552],[105.29242,21.050223],[105.31681,21.013311],[105.353476,21.00959],[105.383289,21.023824],[105.455352,20.950487],[105.517828,20.921555],[105.57973,20.927051],[105.5519,20.890562],[105.585001,20.847744],[105.556301,20.810835],[105.580685,20.812753],[105.597334,20.842052],[105.616991,20.831651],[105.634598,20.839592],[105.630446,20.79469],[105.64678,20.793722],[105.659546,20.726157],[105.679768,20.69656],[105.667292,20.680045],[105.684248,20.639418],[105.663004,20.630009],[105.664416,20.618947],[105.692042,20.622007],[105.705031,20.601124],[105.740306,20.598305],[105.767675,20.564756],[105.795446,20.574059],[105.809301,20.630226],[105.831293,20.647728],[105.820986,20.665754],[105.878473,20.64437],[105.894646,20.653479],[105.894443,20.668653],[105.94164,20.682738],[105.942801,20.656693],[105.956462,20.651598],[105.999479,20.704582],[105.971906,20.700626],[105.966043,20.774087],[105.919564,20.793844],[105.909978,20.835036],[105.93418,20.862994],[105.893333,20.898843],[105.910488,20.918521],[105.903086,20.954602],[105.913465,20.97616],[105.962397,20.964386],[105.960272,20.990399],[105.998398,21.002281],[106.017123,21.049049],[105.997735,21.074054],[105.96764,21.072886],[105.955733,21.09241],[105.939149,21.086019],[105.910587,21.128733],[105.923341,21.13541],[105.922407,21.18349],[105.905047,21.193897],[105.913467,21.216689],[105.901855,21.227143],[105.936886,21.247014],[105.921302,21.27077],[105.923769,21.293645],[105.897017,21.306889],[105.889954,21.327253]]]},"properties":{"id":"diaphanhanhchinhcaptinh_sn.108","ten":"Thủ đô Hà Nội","type":"Thủ đô","ma":"01","area_km2":3359.84,"population":8807523,"density":2621.4114362588693,"capital":"giữ nguyên","decree":"Nghị quyết số 202/2025/QH15","predecessors":"giữ nguyên","macro_region":"red_river_delta","parent_ma":null,"parent_ten":null}},
{"type":"Feature","geometry":{"type":"Polygon","coordinates":[[[103.494269,9.319765],[103.475231,9.320476],[103.456032,9.304762],[103.473648,9.3038],[103.470918,9.289828],[103.481641,9.28684],[103.508737,9.31017],[103.494269,9.319765]]]},"properties":{"id":"diaphanhanhchinhcaptinh_sn.131","ten":"Tỉnh An Giang","type":"Tỉnh","ma":"91","area_km2":9888.91,"population":4952238,"density":500.7870432636155,"capital":"Kiên Giang (cũ)","decree":"Nghị quyết số 202/2025/QH15","predecessors":"tỉnh Kiên Giang và tỉnh An Giang","macro_region":"mekong_delta","parent_ma":null,"parent_ten":null}},
{"type":"Feature","geometry":{"type":"Polygon","coordinates":[[[106.126171,20.984138],[106.135173,21.001926],[106.165414,20.989005],[106.16644,20.970044],[106.228719,20.99725],[106.271369,20.993065],[106.30753,21.058372],[106.293179,21.111011],[106.321062,21.150888],[106.311045,21.193874],[106.342868,21.166139],[106.422276,21.231808],[106.499546,21.226439],[106.526588,21.222956],[106.541687,21.193018],[106.579345,21.192336],[106.609148,21.172266],[106.642883,21.176913],[106.792438,21.150587],[106.828263,21.155366],[106.824914,21.189719],[106.854568,21.189252],[106.869656,21.175321],[106.913118,21.185015],[106.932957,21.170595],[106.974917,21.228105],[106.983129,21.259049],[106.972087,21.285488],[107.018226,21.301486],[107.029895,21.324301],[106.986737,21.361754],[106.984114,21.401833],[107.000259,21.425728],[106.982394,21.440755],[106.952774,21.424376],[106.925623,21.440175],[106.908474,21.432534],[106.889659,21.453871],[106.899569,21.471743],[106.884682,21.493275],[106.841089,21.49582],[106.837875,21.513118],[106.863498,21.532735],[106.8382,21.560647],[106.800203,21.561827],[106.782101,21.577315],[106.759353,21.5723],[106.75534,21.544526],[106.741824,21.542087],[106.698248,21.572839],[106.700433,21.593655],[106.670004,21.607463],[106.569057,21.602423],[106.526145,21.560521],[106.50592,21.524283],[106.517613,21.499226],[106.492549,21.483033],[106.480807,21.450658],[106.463216,21.437691],[106.417043,21.438375],[106.403462,21.427591],[106.413155,21.408294],[106.372376,21.395368],[106.322901,21.410608],[106.325956,21.447958],[106.308443,21.452756],[106.299779,21.443072],[106.282276,21.452601],[106.284231,21.491826],[106.24065,21.487315],[106.169023,21.512151],[106.167647,21.595597],[106.184238,21.606141],[106.158638,21.626802],[106.123827,21.617504],[106.095283,21.625367],[106.05562,21.602176],[106.028596,21.562974],[106.054402,21.552805],[106.038992,21.47264],[106.049467,21.451923],[106.024528,21.434581],[106.033141,21.410529],[106.019428,21.397202],[105.97427,21.417694],[105.959598,21.43634],[105.941363,21.37785],[105.908301,21.375641],[105.899053,21.344855],[105.88014,21.339577],[105.889954,21.327253],[105.897017,21.306889],[105.923769,21.293645],[105.921302,21.27077],[105.936886,21.247014],[105.901855,21.227143],[105.913467,21.216689],[105.905047,21.193897],[105.922407,21.18349],[105.923341,21.13541],[105.910587,21.128733],[105.939149,21.086019],[105.955733,21.09241],[105.96764,21.072886],[105.997735,21.074054],[106.017123,21.049049],[105.998398,21.002281],[106.02925,20.995241],[106.05338,21.006983],[106.077984,20.996768],[106.08781,21.00783],[106.126171,20.984138]]]},"properties":{"id":"diaphanhanhchinhcaptinh_sn.102","ten":"Tỉnh Bắc Ninh","type":"Tỉnh","ma":"24","area_km2":4718.6,"population":3619433,"density":767.0565421947188,"capital":"Bắc Giang (cũ)","decree":"Nghị quyết số 202/2025/QH15","predecessors":"tỉnh Bắc Giang và tỉnh Bắc Ninh","macro_region":"northern_midlands","parent_ma":null,"parent_ten":null}},
{"type":"Feature","geometry":{"type":"MultiPolygon","coordinates":[[[[104.839666,8.43995],[104.839325,8.453982],[104.817263,8.427809],[104.831345,8.424071],[104.839666,8.43995]]],[[[104.70551,8.630196],[104.702177,8.646572],[104.687817,8.636217],[104.705796,8.598487],[104.70551,8.630196]]],[[[105.372017,9.597281],[105.351258,9.595983],[105.340075,9.613523],[105.312027,9.607832],[105.293549,9.637633],[105.286329,9.629972],[105.289593,9.593466],[105.308512,9.57402],[105.307332,9.556789],[105.322183,9.55971],[105.3286,9.529022],[105.297667,9.507353],[105.288522,9.457755],[105.31755,9.384253],[105.257603,9.40112],[105.001471,9.559439],[104.989635,9.540564],[104.960969,9.556457],[104.944065,9.53341],[104.914534,9.562276],[104.879463,9.495103],[104.833697,9.533616],[104.820467,9.250854],[104.806801,9.177805],[104.801543,8.925719],[104.779107,8.819566],[104.810086,8.77291],[104.818479,8.73048],[104.796195,8.725514],[104.780448,8.695746],[104.794499,8.658742],[104.778878,8.646404],[104.728015,8.656341],[104.710619,8.635364],[104.720605,8.604253],[104.822539,8.564921],[105,8.602254],[105.10464,8.641403],[105.176676,8.742895],[105.266619,8.777572],[105.324607,8.837946],[105.378046,8.94258],[105.391281,8.996815],[105.475752,9.083341],[105.539813,9.122881],[105.825779,9.246475],[105.810365,9.340404],[105.858093,9.362693],[105.841173,9.405031],[105.819157,9.394803],[105.813299,9.371227],[105.783721,9.383745],[105.774603,9.394776],[105.78244,9.403954],[105.769919,9.41227],[105.749065,9.412026],[105.721351,9.391586],[105.703762,9.397407],[105.700093,9.378471],[105.67136,9.391778],[105.648027,9.388471],[105.626289,9.420244],[105.614338,9.407679],[105.598762,9.423819],[105.579595,9.413],[105.542161,9.454593],[105.553634,9.554334],[105.544449,9.587432],[105.52779,9.596133],[105.510234,9.584967],[105.472493,9.594333],[105.447272,9.587825],[105.44543,9.597276],[105.416144,9.593747],[105.413393,9.602489],[105.377818,9.586566],[105.372017,9.597281]]]]},"properties":{"id":"diaphanhanhchinhcaptinh_sn.39","ten":"Tỉnh Cà Mau","type":"Tỉnh","ma":"96","area_km2":7942.39,"population":2606672,"density":328.1974317554288,"capital":"Cà mau (cũ)","decree":"Nghị quyết số 202/2025/QH15","predecessors":"tỉnh Bạc Liêu và tỉnh Cà Mau","macro_region":"mekong_delta","parent_ma":null,"parent_ten":null}},
{"type":"Feature","geometry":{"type":"Polygon","coordinates":[[[106.562476,22.424218],[106.557541,22.466441],[106.581355,22.475245],[106.579714,22.518497],[106.606949,22.603439],[106.628627,22.605759],[106.651652,22.577017],[106.720258,22.588239],[106.72123,22.640498],[106.754888,22.675974],[106.751235,22.697519],[106.777371,22.709738],[106.763542,22.720672],[106.76309,22.743328],[106.78563,22.755911],[106.784146,22.768],[106.820057,22.777688],[106.834385,22.80443],[106.819077,22.819013],[106.764593,22.812828],[106.766781,22.82676],[106.707253,22.86677],[106.715365,22.878463],[106.703844,22.889244],[106.666552,22.893367],[106.649372,22.867405],[106.600105,22.93011],[106.562858,22.921496],[106.521329,22.949475],[106.498699,22.928232],[106.496922,22.907412],[106.446697,22.904627],[106.430698,22.884868],[106.410448,22.889794],[106.412252,22.87716],[106.372328,22.884679],[106.347679,22.856644],[106.324441,22.87528],[106.284771,22.86919],[106.256781,22.879342],[106.247712,22.893924],[106.259841,22.917458],[106.201874,22.98402],[106.140785,22.99691],[106.115852,22.986334],[106.081535,23.001615],[106.000333,22.99252],[106.006352,22.969937],[105.994557,22.942242],[105.920458,22.947527],[105.887518,22.940167],[105.885621,22.921405],[105.874015,22.91876],[105.83218,22.991655],[105.801576,22.992006],[105.778047,23.023765],[105.729747,23.037736],[105.709346,23.072857],[105.707313,23.063867],[105.674082,23.06469],[105.641699,23.08318],[105.617557,23.068404],[105.602757,23.077848],[105.576388,23.070979],[105.560153,23.087875],[105.561348,23.119536],[105.529033,23.112133],[105.487423,23.010147],[105.366482,22.987435],[105.360882,22.943229],[105.306287,22.913649],[105.302147,22.876399],[105.267308,22.880958],[105.264845,22.868488],[105.469132,22.752081],[105.474166,22.719761],[105.49722,22.702947],[105.484931,22.677502],[105.494745,22.635138],[105.528938,22.634074],[105.547751,22.657803],[105.597285,22.667618],[105.616805,22.701698],[105.645179,22.701767],[105.663093,22.723857],[105.69316,22.723303],[105.734227,22.741673],[105.756386,22.724915],[105.751983,22.707282],[105.771621,22.690201],[105.726824,22.637511],[105.750806,22.609069],[105.748975,22.590768],[105.775225,22.576303],[105.773083,22.552222],[105.802251,22.52609],[105.858114,22.522383],[105.909187,22.497288],[105.928131,22.527436],[105.955969,22.527994],[106.030867,22.560432],[106.045827,22.578738],[106.078578,22.574219],[106.07247,22.556336],[106.117243,22.508503],[106.116984,22.473494],[106.093082,22.446154],[106.097233,22.414754],[106.106252,22.400697],[106.137236,22.39532],[106.164031,22.409457],[106.183524,22.387153],[106.214002,22.451277],[106.237382,22.460922],[106.276062,22.447787],[106.311962,22.410505],[106.330484,22.412218],[106.341302,22.374417],[106.359874,22.358868],[106.394857,22.373368],[106.464161,22.360539],[106.487069,22.371481],[106.491967,22.40316],[106.517142,22.39973],[106.534509,22.419869],[106.562476,22.424218]]]},"properties":{"id":"diaphanhanhchinhcaptinh_sn.135","ten":"Tỉnh Cao Bằng","type":"Tỉnh","ma":"04","area_km2":6700.39,"population":573119,"density":85.5351703408309,"capital":"giữ nguyên","decree":"Nghị quyết số 202/2025/QH15","predecessors":"giữ nguyên","macro_region":"northern_midlands","parent_ma":null,"parent_ten":null}},
{"type":"Feature","geometry":{"type":"MultiPolygon","coordinates":[[[[109.231232,13.672245],[109.2001,13.695583],[109.155439,13.679584],[109.150377,13.634537],[109.118162,13.64262],[109.12501,13.622809],[109.114061,13.61609],[109.115951,13.585825],[109.082534,13.568136],[109.04992,13.568589],[109.026198,13.531478],[109.005432,13.524389],[108.942006,13.527991],[108.915084,13.542369],[108.86572,13.536074],[108.848708,13.570075],[108.825338,13.56605],[108.811186,13.578053],[108.784676,13.578281],[108.765106,13.562329],[108.746248,13.567223],[108.728574,13.524406],[108.712406,13.518863],[108.702744,13.481045],[108.714013,13.463623],[108.739989,13.458281],[108.791889,13.476964],[108.806881,13.361643],[108.870339,13.284361],[108.868982,13.251121],[108.863673,13.226803],[108.84773,13.218195],[108.852795,13.194985],[108.838799,13.163949],[108.796968,13.152236],[108.793941,13.142183],[108.775437,13.14815],[108.758313,13.131347],[108.746283,13.091147],[108.753546,13.036939],[108.691081,13.0176],[108.673194,12.997231],[108.615348,13.010848],[108.589905,13.030275],[108.565955,13.020512],[108.511156,13.039954],[108.518322,13.06671],[108.488218,13.110026],[108.459917,13.120729],[108.459983,13.162907],[108.424404,13.194993],[108.406012,13.259046],[108.372353,13.26879],[108.369257,13.305269],[108.344782,13.34021],[108.287977,13.35362],[108.261639,13.373763],[108.212136,13.36992],[108.111858,13.417399],[108.073582,13.40109],[108.050349,13.413184],[108.006249,13.38233],[107.98109,13.393748],[107.978009,13.384557],[107.931587,13.376702],[107.90619,13.389649],[107.849662,13.390541],[107.837095,13.401556],[107.799682,13.394276],[107.758301,13.36549],[107.702639,13.376391],[107.657389,13.348203],[107.645887,13.325756],[107.605025,13.305555],[107.48984,13.021885],[107.502492,12.977233],[107.485334,12.970529],[107.482487,12.950776],[107.497876,12.916947],[107.488988,12.89951],[107.495342,12.880338],[107.545868,12.829869],[107.560088,12.794466],[107.636495,12.800098],[107.802181,12.779953],[107.822657,12.802791],[107.853936,12.808877],[107.85506,12.761613],[107.908228,12.739376],[107.894386,12.716406],[107.910373,12.694524],[107.903679,12.678217],[107.912724,12.659398],[107.902858,12.650589],[107.917363,12.647638],[107.933177,12.593837],[107.893146,12.565412],[107.886348,12.542899],[107.908236,12.526808],[107.947991,12.525119],[107.999204,12.478141],[107.983378,12.447683],[107.921358,12.429118],[107.924476,12.412803],[107.911025,12.399979],[107.931703,12.374429],[107.931869,12.345005],[107.974793,12.297862],[108.014232,12.3034],[108.01833,12.291572],[108.03889,12.289213],[108.117874,12.176563],[108.160885,12.191858],[108.197907,12.171443],[108.225719,12.183612],[108.239318,12.161856],[108.275164,12.214792],[108.294347,12.202916],[108.338378,12.228913],[108.334456,12.2492],[108.36765,12.255176],[108.385969,12.242117],[108.410781,12.244598],[108.427937,12.260147],[108.437461,12.25141],[108.441132,12.278662],[108.457718,12.276624],[108.48108,12.310466],[108.507205,12.278559],[108.533785,12.282592],[108.5405,12.298615],[108.585986,12.289647],[108.593579,12.278625],[108.660423,12.298626],[108.678167,12.317266],[108.6754,12.349749],[108.687445,12.373773],[108.667181,12.424847],[108.699509,12.47425],[108.713528,12.484746],[108.736379,12.475996],[108.751106,12.500603],[108.775936,12.505257],[108.867219,12.454586],[108.876146,12.479748],[108.858247,12.497339],[108.890036,12.549732],[108.890029,12.579646],[108.916213,12.600911],[108.896127,12.62752],[108.931625,12.646272],[108.953131,12.687288],[108.977117,12.684602],[108.984213,12.704351],[109.041702,12.74722],[109.064328,12.754758],[109.084162,12.745579],[109.113407,12.799281],[109.142073,12.781979],[109.16636,12.828066],[109.207631,12.831335],[109.225005,12.814291],[109.253671,12.838877],[109.318691,12.836736],[109.363483,12.869092],[109.387075,12.843576],[109.399034,12.867125],[109.427473,12.881992],[109.436134,12.870818],[109.418298,12.849079],[109.450471,12.86029],[109.45387,12.91394],[109.428016,12.947951],[109.415504,12.946345],[109.420502,12.954651],[109.367391,13.018551],[109.294116,13.138869],[109.301555,13.189537],[109.291249,13.217968],[109.313419,13.257051],[109.281177,13.317197],[109.282524,13.333995],[109.297735,13.337419],[109.291727,13.365005],[109.271157,13.366289],[109.265562,13.355704],[109.241586,13.390201],[109.218517,13.394261],[109.228636,13.413503],[109.217637,13.4188],[109.236451,13.430155],[109.21892,13.450427],[109.239442,13.495193],[109.290369,13.457222],[109.257551,13.429519],[109.266116,13.414648],[109.289538,13.417979],[109.295146,13.406199],[109.309324,13.41481],[109.314138,13.459481],[109.32857,13.465586],[109.322614,13.475331],[109.304095,13.466524],[109.288921,13.486638],[109.28561,13.5036],[109.30006,13.519185],[109.277105,13.535288],[109.277086,13.555942],[109.296747,13.570082],[109.270327,13.577849],[109.238424,13.612664],[109.2269,13.638382],[109.231232,13.672245]]],[[[109.331897,13.276833],[109.340662,13.282524],[109.328642,13.289487],[109.331897,13.276833]]]]},"properties":{"id":"diaphanhanhchinhcaptinh_sn.46","ten":"Tỉnh Đắk Lắk","type":"Tỉnh","ma":"66","area_km2":18096.4,"population":3346853,"density":184.94579032293714,"capital":"Đắk Lắk (cũ)","decree":"Nghị quyết số 202/2025/QH15","predecessors":"tỉnh Phú Yên và tỉnh Đắk Lắk","macro_region":"central_highlands","parent_ma":null,"parent_ten":null}},
{"type":"Feature","geometry":{"type":"Polygon","coordinates":[[[103.49487,21.971985],[103.453502,22.006924],[103.465759,22.031888],[103.421408,22.072318],[103.385903,22.156832],[103.329803,22.15353],[103.284269,22.108207],[103.271687,22.075121],[103.288459,22.050977],[103.27866,22.04003],[103.168706,22.082001],[103.140632,22.070736],[103.100924,22.102704],[103.093371,22.059874],[103.060825,22.062861],[103.03935,22.048709],[103.004969,22.053978],[102.982315,22.028014],[102.928683,22.069241],[102.923163,22.107067],[102.923379,22.092333],[102.866469,22.078547],[102.858839,22.060552],[102.817872,22.068011],[102.776913,22.089142],[102.77163,22.10928],[102.740273,22.136006],[102.734952,22.17214],[102.749462,22.211286],[102.724399,22.238304],[102.674731,22.262862],[102.662168,22.257208],[102.695483,22.21011],[102.67312,22.168743],[102.639547,22.177522],[102.615647,22.201802],[102.615751,22.235694],[102.578721,22.260406],[102.541718,22.244063],[102.517057,22.258633],[102.446717,22.361308],[102.38636,22.408542],[102.389204,22.462047],[102.345599,22.493956],[102.318061,22.54864],[102.248264,22.462545],[102.266567,22.430559],[102.261752,22.41636],[102.23386,22.428648],[102.158148,22.430524],[102.141487,22.401512],[102.166939,22.375032],[102.169725,22.345203],[102.19389,22.336824],[102.174531,22.307769],[102.230756,22.284759],[102.238377,22.240407],[102.269987,22.23775],[102.277547,22.206449],[102.320601,22.201942],[102.334752,22.167071],[102.356746,22.167236],[102.3805,22.150889],[102.384332,22.128804],[102.432278,22.116317],[102.44018,22.075048],[102.51753,22.031268],[102.485219,22.005823],[102.508879,21.968658],[102.610022,21.919093],[102.610314,21.876733],[102.642526,21.857659],[102.658493,21.792887],[102.644542,21.73446],[102.674141,21.656723],[102.742699,21.663667],[102.820029,21.73435],[102.809192,21.821073],[102.831245,21.841679],[102.852242,21.836343],[102.856772,21.726704],[102.87425,21.706227],[102.970533,21.745744],[102.987753,21.713062],[102.976822,21.695709],[102.986091,21.683826],[102.98737,21.591549],[102.905237,21.479864],[102.88668,21.477309],[102.867954,21.429669],[102.902998,21.434174],[102.919194,21.457208],[102.937991,21.457247],[102.895261,21.383192],[102.8958,21.309288],[102.847511,21.297372],[102.812993,21.259833],[102.8215,21.247203],[102.87484,21.252914],[102.910217,21.230912],[102.900988,21.168882],[102.946051,21.145249],[102.938434,21.129677],[102.962444,21.107135],[102.963902,21.075806],[103.030275,21.058014],[103.081486,20.968233],[103.082385,20.946183],[103.103534,20.934228],[103.112422,20.898527],[103.165514,20.915941],[103.213692,20.897147],[103.286651,20.907891],[103.273805,20.938297],[103.295065,20.947953],[103.296077,20.971769],[103.275246,21.057753],[103.301634,21.065218],[103.286,21.097049],[103.321434,21.094542],[103.378815,21.06185],[103.422245,21.070572],[103.395701,21.150996],[103.431212,21.169862],[103.438123,21.285757],[103.426337,21.314673],[103.367412,21.334006],[103.386219,21.368527],[103.359841,21.374404],[103.329257,21.41757],[103.391627,21.438658],[103.408023,21.427527],[103.445617,21.437244],[103.457618,21.518959],[103.515363,21.536244],[103.517243,21.566104],[103.530187,21.567309],[103.529557,21.586518],[103.557427,21.624509],[103.540866,21.649302],[103.56896,21.680752],[103.594768,21.678793],[103.539418,21.778336],[103.544138,21.801816],[103.520771,21.86211],[103.491727,21.877381],[103.483223,21.895154],[103.484066,21.939584],[103.504521,21.957101],[103.49487,21.971985]]]},"properties":{"id":"diaphanhanhchinhcaptinh_sn.109","ten":"Tỉnh Điện Biên","type":"Tỉnh","ma":"11","area_km2":9539.93,"population":673091,"density":70.55512985944341,"capital":"giữ nguyên","decree":"Nghị quyết số 202/2025/QH15","predecessors":"giữ nguyên","macro_region":"northern_midlands","parent_ma":null,"parent_ten":null}},
{"type":"Feature","geometry":{"type":"Polygon","coordinates":[[[107.503661,10.772613],[107.565382,10.805085],[107.575787,10.834534],[107.55783,10.868996],[107.558194,10.938122],[107.541132,10.97852],[107.503761,11.014398],[107.471789,11.009372],[107.392441,11.050564],[107.414951,11.052899],[107.422571,11.081411],[107.443976,11.09245],[107.450676,11.113926],[107.433437,11.138044],[107.482203,11.205088],[107.484835,11.224164],[107.523663,11.252291],[107.516864,11.314637],[107.532669,11.32576],[107.543178,11.368449],[107.533245,11.356114],[107.511462,11.385611],[107.496759,11.386304],[107.473032,11.435868],[107.428175,11.425766],[107.428061,11.44027],[107.468424,11.480886],[107.439507,11.5175],[107.416072,11.513631],[107.399641,11.530244],[107.367347,11.518014],[107.376134,11.543253],[107.358927,11.556264],[107.359646,11.582406],[107.343381,11.544079],[107.308823,11.555746],[107.29576,11.584859],[107.300874,11.618062],[107.265899,11.644706],[107.285397,11.726496],[107.371705,11.771954],[107.391826,11.76996],[107.391752,11.795844],[107.406842,11.806192],[107.424438,11.859905],[107.405629,11.868367],[107.382322,11.920272],[107.350946,11.939624],[107.342954,11.980907],[107.320365,12.007231],[107.293871,12.010846],[107.291649,12.022518],[107.276121,12.013834],[107.253975,12.020367],[107.240898,12.040128],[107.231783,12.028429],[107.239275,12.111393],[107.22238,12.120998],[107.203486,12.300009],[107.151761,12.27872],[107.137626,12.232507],[107.107031,12.214483],[107.090784,12.182208],[107.073766,12.189221],[107.076855,12.163956],[107.045672,12.134273],[107.002522,12.116261],[107.009466,12.10703],[106.992742,12.092249],[106.918823,12.06343],[106.793951,12.084754],[106.745085,12.022326],[106.742878,11.985005],[106.711889,11.970899],[106.683821,11.965718],[106.653155,11.990185],[106.657245,11.965085],[106.638573,11.976185],[106.632404,11.961006],[106.625109,11.975548],[106.528621,11.969235],[106.516448,11.982202],[106.482095,11.972232],[106.453585,11.988598],[106.411796,11.975671],[106.465379,11.871443],[106.43843,11.858398],[106.446109,11.824205],[106.412527,11.767794],[106.450885,11.692473],[106.450688,11.672123],[106.464497,11.622829],[106.482557,11.60539],[106.486914,11.569136],[106.477885,11.547511],[106.441571,11.548297],[106.428476,11.535655],[106.42166,11.496019],[106.491454,11.498274],[106.54029,11.46893],[106.554925,11.485007],[106.571394,11.456792],[106.540428,11.429335],[106.546604,11.407971],[106.537198,11.388642],[106.559636,11.371499],[106.611648,11.388519],[106.614365,11.364219],[106.664913,11.354993],[106.676191,11.370269],[106.672986,11.398334],[106.708084,11.400969],[106.725725,11.433708],[106.753635,11.449787],[106.751548,11.477003],[106.795264,11.492142],[106.803856,11.452231],[106.768934,11.427527],[106.768228,11.404894],[106.78721,11.401989],[106.786649,11.383879],[106.852666,11.377772],[106.855013,11.318951],[106.873169,11.308375],[106.870842,11.328118],[106.909903,11.356031],[106.937757,11.352734],[106.948767,11.339701],[106.925534,11.273601],[106.929948,11.246279],[106.909527,11.24309],[106.916148,11.221388],[106.899539,11.209823],[106.904637,11.193731],[106.932107,11.18951],[106.964176,11.148671],[106.952205,11.141547],[106.964103,11.110983],[106.945934,11.090294],[106.945655,11.059848],[106.920927,11.057407],[106.906042,11.023129],[106.871691,11.020907],[106.837452,11.041777],[106.826131,11.06531],[106.799598,11.060297],[106.810461,11.031269],[106.773283,11.005024],[106.794434,10.972829],[106.760217,10.964605],[106.788798,10.924097],[106.807345,10.920844],[106.815109,10.903348],[106.836512,10.903388],[106.846928,10.85933],[106.880231,10.811987],[106.863716,10.788964],[106.867792,10.767414],[106.843606,10.775954],[106.823708,10.761434],[106.815081,10.780959],[106.753348,10.721566],[106.754146,10.69684],[106.805468,10.65762],[106.822867,10.629842],[106.880201,10.649006],[106.909485,10.608907],[106.981695,10.579703],[106.988831,10.606138],[107.006665,10.613828],[106.997126,10.635758],[107.043201,10.658498],[107.093583,10.654011],[107.135167,10.701491],[107.136555,10.745457],[107.186571,10.772566],[107.204952,10.775689],[107.205031,10.759634],[107.298838,10.756031],[107.305995,10.69441],[107.297498,10.687373],[107.315674,10.670035],[107.348408,10.679505],[107.358681,10.726909],[107.439097,10.801849],[107.470375,10.794789],[107.48364,10.769971],[107.503661,10.772613]]]},"properties":{"id":"diaphanhanhchinhcaptinh_sn.50","ten":"Thành phố Đồng Nai","type":"Thành phố","ma":"75","area_km2":12737.18,"population":4491408,"density":352.6218519326884,"capital":"Đồng Nai (cũ)","decree":"Nghị quyết số 30/2026/QH16","predecessors":"tỉnh Bình Phước và tỉnh Đồng Nai. Từ ngày 30/04/2026, Tỉnh Đồng Nai mới (sau sáp nhập) chuyển thành Thành phố Đồng Nai và thêm 10 xã chuyển thành phường.","macro_region":"southeast","parent_ma":null,"parent_ten":null}},
{"type":"Feature","geometry":{"type":"Polygon","coordinates":[[[105.499718,10.952603],[105.469861,10.965553],[105.44845,10.957836],[105.424604,10.972887],[105.402861,10.932077],[105.335367,10.861224],[105.263185,10.897437],[105.23718,10.893263],[105.186424,10.912545],[105.190179,10.85106],[105.232721,10.80812],[105.259372,10.800968],[105.260679,10.77128],[105.301994,10.75976],[105.275957,10.724825],[105.349289,10.714878],[105.338177,10.647069],[105.369709,10.573972],[105.468322,10.540647],[105.490474,10.550581],[105.519234,10.545616],[105.554413,10.513408],[105.572431,10.429959],[105.552699,10.435353],[105.520169,10.404091],[105.517032,10.364812],[105.488614,10.345513],[105.495104,10.326026],[105.588675,10.249481],[105.623078,10.187381],[105.68095,10.135172],[105.726003,10.206226],[105.762667,10.179346],[105.773607,10.189386],[105.79961,10.156426],[105.867029,10.153874],[105.874159,10.190625],[105.911144,10.19343],[105.917435,10.212297],[105.900266,10.246517],[105.888362,10.246113],[105.874916,10.266025],[105.924864,10.284443],[105.986425,10.332239],[106.08503,10.277646],[106.143254,10.285859],[106.201174,10.315819],[106.27567,10.327204],[106.301702,10.320829],[106.388111,10.341225],[106.53645,10.267643],[106.672826,10.237059],[106.746656,10.193808],[106.787016,10.192436],[106.798793,10.210178],[106.77958,10.292263],[106.78053,10.377159],[106.812184,10.388686],[106.732825,10.498018],[106.676312,10.439506],[106.661046,10.44378],[106.656759,10.476898],[106.645499,10.484776],[106.62552,10.453127],[106.584595,10.437552],[106.583352,10.418265],[106.557599,10.413869],[106.556675,10.425136],[106.525752,10.433499],[106.454385,10.395975],[106.445091,10.403298],[106.452294,10.412241],[106.426642,10.412829],[106.415882,10.42796],[106.451762,10.45157],[106.407596,10.49258],[106.38778,10.477652],[106.368919,10.488936],[106.366853,10.519751],[106.350104,10.525114],[106.318556,10.570807],[106.308628,10.566435],[106.28441,10.587909],[106.102218,10.577017],[106.095155,10.523698],[105.90737,10.540112],[105.833464,10.638345],[105.778814,10.659722],[105.59493,10.830919],[105.609614,10.83366],[105.580356,10.893559],[105.514533,10.922888],[105.499718,10.952603]]]},"properties":{"id":"diaphanhanhchinhcaptinh_sn.127","ten":"Tỉnh Đồng Tháp","type":"Tỉnh","ma":"82","area_km2":5938.64,"population":4370046,"density":735.8664610079074,"capital":"Tiền Giang (cũ)","decree":"Nghị quyết số 202/2025/QH15","predecessors":"tỉnh Tiền Giang và tỉnh Đồng Tháp","macro_region":"mekong_delta","parent_ma":null,"parent_ten":null}},
{"type":"Feature","geometry":{"type":"Polygon","coordinates":[[[109.080779,14.578747],[109.042996,14.611468],[109.042359,14.633616],[109.014404,14.667119],[108.975184,14.672783],[108.925994,14.703668],[108.887027,14.684093],[108.853192,14.692942],[108.845461,14.683398],[108.836796,14.695301],[108.81069,14.672056],[108.765614,14.678021],[108.757821,14.596593],[108.734166,14.590374],[108.702486,14.615636],[108.696892,14.599467],[108.63867,14.566878],[108.640435,14.549466],[108.628029,14.553116],[108.612598,14.535033],[108.594822,14.547381],[108.594003,14.564547],[108.559332,14.586437],[108.543051,14.589117],[108.526442,14.5577],[108.491658,14.544962],[108.432814,14.560966],[108.396882,14.603664],[108.373297,14.60165],[108.355483,14.575896],[108.380938,14.516817],[108.296457,14.418906],[108.294519,14.393785],[108.211484,14.389147],[108.145477,14.348683],[108.14713,14.361376],[108.11355,14.364607],[108.106864,14.342231],[108.076264,14.332578],[108.085499,14.317851],[108.058668,14.268091],[108.036372,14.27726],[108.011038,14.241522],[107.980859,14.244437],[107.957843,14.229314],[107.893496,14.281534],[107.875544,14.28339],[107.845996,14.276347],[107.814812,14.21538],[107.779547,14.223788],[107.752547,14.20556],[107.685554,14.217899],[107.658402,14.166541],[107.645188,14.065635],[107.629484,14.05526],[107.611225,14.064777],[107.590841,14.026421],[107.523541,14.01785],[107.516515,13.989659],[107.469162,13.954938],[107.456169,13.923521],[107.471289,13.9178],[107.452498,13.871639],[107.471559,13.855575],[107.448344,13.794878],[107.530792,13.745206],[107.567794,13.665121],[107.570013,13.623769],[107.615797,13.529562],[107.629165,13.361686],[107.605025,13.305555],[107.645887,13.325756],[107.657389,13.348203],[107.702639,13.376391],[107.758301,13.36549],[107.799682,13.394276],[107.837095,13.401556],[107.849662,13.390541],[107.90619,13.389649],[107.931587,13.376702],[107.978009,13.384557],[107.98109,13.393748],[108.006249,13.38233],[108.050349,13.413184],[108.073582,13.40109],[108.111858,13.417399],[108.212136,13.36992],[108.261639,13.373763],[108.287977,13.35362],[108.344782,13.34021],[108.369257,13.305269],[108.372353,13.26879],[108.406012,13.259046],[108.424404,13.194993],[108.459983,13.162907],[108.459917,13.120729],[108.488218,13.110026],[108.518322,13.06671],[108.511156,13.039954],[108.565955,13.020512],[108.589905,13.030275],[108.615348,13.010848],[108.673194,12.997231],[108.691081,13.0176],[108.753546,13.036939],[108.746283,13.091147],[108.758313,13.131347],[108.775437,13.14815],[108.793941,13.142183],[108.796968,13.152236],[108.838799,13.163949],[108.852795,13.194985],[108.84773,13.218195],[108.863673,13.226803],[108.868982,13.251121],[108.870339,13.284361],[108.806881,13.361643],[108.791889,13.476964],[108.739989,13.458281],[108.714013,13.463623],[108.702744,13.481045],[108.712406,13.518863],[108.728574,13.524406],[108.746248,13.567223],[108.765106,13.562329],[108.784676,13.578281],[108.811186,13.578053],[108.825338,13.56605],[108.848708,13.570075],[108.86572,13.536074],[108.915084,13.542369],[108.942006,13.527991],[109.005432,13.524389],[109.026198,13.531478],[109.04992,13.568589],[109.082534,13.568136],[109.115951,13.585825],[109.114061,13.61609],[109.12501,13.622809],[109.118162,13.64262],[109.150377,13.634537],[109.155439,13.679584],[109.2001,13.695583],[109.231232,13.672245],[109.213134,13.749002],[109.237578,13.772464],[109.28699,13.75572],[109.295925,13.880169],[109.292533,13.895784],[109.281588,13.887853],[109.265471,13.901029],[109.241801,13.942559],[109.240752,13.956283],[109.257978,13.964535],[109.247353,13.9805],[109.25153,14.019897],[109.202967,14.115137],[109.225826,14.139322],[109.181426,14.204772],[109.181053,14.227348],[109.195213,14.234595],[109.177415,14.271628],[109.184711,14.282521],[109.120343,14.374589],[109.126062,14.395413],[109.112951,14.423085],[109.121546,14.447642],[109.091466,14.485633],[109.06569,14.56132],[109.067895,14.577257],[109.080779,14.578747]]]},"properties":{"id":"diaphanhanhchinhcaptinh_sn.51","ten":"Tỉnh Gia Lai","type":"Tỉnh","ma":"52","area_km2":21576.53,"population":3583693,"density":166.09218442446493,"capital":"Bình Định (cũ)","decree":"Nghị quyết số 202/2025/QH15","predecessors":"tỉnh Bình Định và tỉnh Gia Lai","macro_region":"central_highlands","parent_ma":null,"parent_ten":null}},
{"type":"Feature","geometry":{"type":"Polygon","coordinates":[[[106.508303,17.960933],[106.492398,17.965918],[106.452858,18.020676],[106.450817,18.05633],[106.43782,18.049551],[106.418605,18.092778],[106.432982,18.122938],[106.414775,18.125744],[106.397549,18.099515],[106.354812,18.111772],[106.249747,18.215633],[106.162508,18.266021],[106.098714,18.275738],[105.983683,18.392849],[105.940514,18.472931],[105.920849,18.452121],[105.824838,18.597928],[105.766162,18.767791],[105.740782,18.743082],[105.766985,18.676264],[105.714273,18.668386],[105.688967,18.628647],[105.678092,18.580337],[105.664119,18.585301],[105.623884,18.569106],[105.615476,18.579883],[105.597061,18.577691],[105.581287,18.55994],[105.542758,18.553563],[105.502658,18.611236],[105.476475,18.615268],[105.432793,18.590362],[105.378413,18.581053],[105.28452,18.623179],[105.249137,18.610917],[105.228914,18.58931],[105.186814,18.60338],[105.157601,18.614261],[105.133281,18.59301],[105.138283,18.563232],[105.114154,18.539755],[105.102024,18.448337],[105.121959,18.418907],[105.138541,18.420728],[105.150941,18.38905],[105.182068,18.387995],[105.182527,18.325891],[105.241233,18.297228],[105.254558,18.259871],[105.293326,18.256417],[105.29816,18.236545],[105.308672,18.267342],[105.327949,18.263307],[105.3181,18.201503],[105.33529,18.183255],[105.35071,18.184356],[105.365414,18.161994],[105.382025,18.171319],[105.408319,18.155299],[105.418559,18.184337],[105.437046,18.182006],[105.441225,18.204987],[105.489659,18.203586],[105.48624,18.178676],[105.498624,18.190517],[105.510811,18.151221],[105.503072,18.127266],[105.53381,18.113092],[105.538395,18.083313],[105.569602,18.082263],[105.581802,18.012333],[105.596839,18.00304],[105.611937,18.012691],[105.641762,17.993556],[105.70459,17.9939],[105.736576,18.03752],[105.77518,18.018106],[105.814695,18.038503],[105.827164,18.032953],[105.831206,18.046263],[105.81115,18.053969],[105.82558,18.064494],[105.869764,18.067884],[105.893913,18.090919],[105.916629,18.081442],[105.929883,18.090079],[105.948598,18.059424],[105.985414,18.063613],[106.019289,18.026126],[106.044539,18.026728],[106.075678,17.989638],[106.046006,17.966036],[106.044007,17.947061],[106.140196,17.920618],[106.197569,17.917438],[106.222827,17.930086],[106.259976,17.914372],[106.279182,17.918542],[106.282563,17.940549],[106.305938,17.963468],[106.321918,17.964018],[106.336961,17.992279],[106.433665,17.973062],[106.446866,17.951332],[106.508303,17.960933]]]},"properties":{"id":"diaphanhanhchinhcaptinh_sn.53","ten":"Tỉnh Hà Tĩnh","type":"Tỉnh","ma":"42","area_km2":5994.45,"population":1622901,"density":270.7339288842179,"capital":"giữ nguyên","decree":"Nghị quyết số 202/2025/QH15","predecessors":"giữ nguyên","macro_region":"central_coast","parent_ma":null,"parent_ten":null}},
{"type":"Feature","geometry":{"type":"Polygon","coordinates":[[[106.126171,20.984138],[106.08781,21.00783],[106.077984,20.996768],[106.05338,21.006983],[106.02925,20.995241],[105.998398,21.002281],[105.960272,20.990399],[105.962397,20.964386],[105.913465,20.97616],[105.903086,20.954602],[105.910488,20.918521],[105.893333,20.898843],[105.93418,20.862994],[105.909978,20.835036],[105.919564,20.793844],[105.966043,20.774087],[105.971906,20.700626],[105.999479,20.704582],[106.03058,20.686448],[106.030188,20.643326],[106.052628,20.612401],[106.072171,20.604153],[106.112474,20.616233],[106.131164,20.575379],[106.166354,20.5565],[106.180742,20.486602],[106.223605,20.466226],[106.207789,20.428854],[106.21619,20.413593],[106.279983,20.401088],[106.283686,20.382894],[106.252132,20.35549],[106.255687,20.331273],[106.27982,20.33215],[106.339209,20.377696],[106.357231,20.351454],[106.401903,20.336185],[106.446497,20.291745],[106.475281,20.292174],[106.526497,20.317071],[106.58711,20.244262],[106.606755,20.28875],[106.575367,20.36869],[106.587124,20.406764],[106.617232,20.443415],[106.599399,20.453797],[106.603687,20.482081],[106.583323,20.552563],[106.609374,20.58143],[106.651935,20.602467],[106.64979,20.618233],[106.5998,20.640472],[106.568013,20.620783],[106.545082,20.627777],[106.527372,20.60346],[106.492778,20.617099],[106.470109,20.598793],[106.448293,20.621875],[106.45279,20.640864],[106.400463,20.690988],[106.4193,20.709359],[106.405651,20.729394],[106.355955,20.702027],[106.331958,20.711795],[106.30087,20.691151],[106.282755,20.712407],[106.286793,20.695934],[106.260259,20.704819],[106.247199,20.695793],[106.267533,20.685031],[106.247546,20.687711],[106.210338,20.73041],[106.213548,20.750645],[106.178228,20.764941],[106.163404,20.785552],[106.151746,20.781686],[106.129484,20.807466],[106.145353,20.884891],[106.134755,20.904134],[106.155428,20.919425],[106.146469,20.929675],[106.156128,20.951299],[106.133356,20.961826],[106.126171,20.984138]]]},"properties":{"id":"diaphanhanhchinhcaptinh_sn.103","ten":"Tỉnh Hưng Yên","type":"Tỉnh","ma":"33","area_km2":2514.81,"population":3567943,"density":1418.772392347732,"capital":"Hưng Yên (cũ)","decree":"Nghị quyết số 202/2025/QH15","predecessors":"tỉnh Thái Bình và tỉnh Hưng Yên","macro_region":"red_river_delta","parent_ma":null,"parent_ten":null}},
{"type":"Feature","geometry":{"type":"MultiPolygon","coordinates":[[[[109.235928,11.842431],[109.219151,11.852277],[109.227277,11.832834],[109.249103,11.835847],[109.246019,11.850905],[109.235928,11.842431]]],[[[109.3067,12.170294],[109.295079,12.16784],[109.315475,12.164727],[109.3067,12.170294]]],[[[109.227151,12.195377],[109.217313,12.192356],[109.223372,12.18355],[109.227151,12.195377]]],[[[109.278257,12.228707],[109.264196,12.237471],[109.25805,12.219821],[109.241717,12.232839],[109.228592,12.227495],[109.280932,12.182141],[109.293752,12.182799],[109.287968,12.194749],[109.299434,12.207386],[109.296086,12.194545],[109.322039,12.194775],[109.31594,12.186624],[109.333905,12.194998],[109.327193,12.222419],[109.314992,12.228609],[109.304941,12.213999],[109.294496,12.231494],[109.278257,12.228707]]],[[[109.233357,12.382309],[109.227022,12.399749],[109.220423,12.388693],[109.233357,12.382309]]],[[[109.296976,12.486726],[109.311481,12.498937],[109.293208,12.495232],[109.296976,12.486726]]],[[[109.345573,12.627304],[109.315988,12.640105],[109.301331,12.620012],[109.406254,12.551571],[109.382062,12.624172],[109.345573,12.627304]]],[[[109.387075,12.843576],[109.363483,12.869092],[109.318691,12.836736],[109.253671,12.838877],[109.225005,12.814291],[109.207631,12.831335],[109.16636,12.828066],[109.142073,12.781979],[109.113407,12.799281],[109.084162,12.745579],[109.064328,12.754758],[109.041702,12.74722],[108.984213,12.704351],[108.977117,12.684602],[108.953131,12.687288],[108.931625,12.646272],[108.896127,12.62752],[108.916213,12.600911],[108.890029,12.579646],[108.890036,12.549732],[108.858247,12.497339],[108.876146,12.479748],[108.867219,12.454586],[108.775936,12.505257],[108.751106,12.500603],[108.736379,12.475996],[108.713528,12.484746],[108.699509,12.47425],[108.667181,12.424847],[108.687445,12.373773],[108.6754,12.349749],[108.678167,12.317266],[108.703969,12.303099],[108.699368,12.24286],[108.718802,12.220746],[108.708884,12.192353],[108.726595,12.161752],[108.693927,12.149034],[108.691445,12.132545],[108.671622,12.122759],[108.700183,12.094379],[108.709366,12.05787],[108.684554,12.027275],[108.679782,11.986368],[108.658545,11.95703],[108.651236,11.847459],[108.616928,11.805258],[108.670574,11.785159],[108.664541,11.751743],[108.688252,11.735528],[108.69961,11.702665],[108.669332,11.665606],[108.560255,11.64202],[108.549378,11.602635],[108.58126,11.556206],[108.641694,11.55128],[108.677922,11.474514],[108.758005,11.466948],[108.760163,11.409145],[108.79631,11.38518],[108.843041,11.377526],[108.869352,11.353016],[108.864384,11.330545],[108.886794,11.337097],[108.933092,11.307812],[109.017296,11.361457],[109.004356,11.41022],[109.011391,11.520853],[109.032158,11.547793],[109.027666,11.581519],[109.085189,11.587168],[109.127339,11.563681],[109.164736,11.625825],[109.196856,11.722426],[109.230213,11.726423],[109.228778,11.746862],[109.189833,11.789587],[109.180385,11.81646],[109.175705,11.844891],[109.188353,11.875745],[109.142368,11.821632],[109.123379,11.827569],[109.112081,11.854598],[109.12957,11.908593],[109.147067,11.896009],[109.155781,11.911062],[109.16433,11.907315],[109.158669,11.915027],[109.185708,11.940655],[109.202154,11.983196],[109.212368,11.978316],[109.205285,11.952822],[109.213583,11.94082],[109.20262,11.883975],[109.229963,11.881906],[109.247202,11.859072],[109.278902,11.878376],[109.257379,11.921685],[109.281229,11.953068],[109.269346,11.954781],[109.2685,11.975639],[109.222533,12.018422],[109.192881,12.091238],[109.19446,12.118467],[109.222989,12.142987],[109.199071,12.164539],[109.215314,12.210308],[109.19955,12.225433],[109.195089,12.255079],[109.204652,12.290672],[109.240582,12.30645],[109.199851,12.337929],[109.198184,12.39867],[109.163969,12.404693],[109.14924,12.427035],[109.164538,12.438936],[109.157848,12.452717],[109.168195,12.443843],[109.177424,12.45548],[109.239456,12.405356],[109.262755,12.376635],[109.261213,12.361953],[109.288662,12.347144],[109.306894,12.389825],[109.326144,12.373645],[109.323883,12.385661],[109.339303,12.396944],[109.335213,12.409126],[109.288903,12.427181],[109.293782,12.478352],[109.23779,12.509566],[109.228453,12.534931],[109.24228,12.586364],[109.229728,12.594067],[109.218228,12.580655],[109.22845,12.57523],[109.196793,12.570825],[109.203666,12.616626],[109.188556,12.631022],[109.201392,12.650673],[109.213099,12.649816],[109.20853,12.667329],[109.231183,12.697882],[109.25414,12.703711],[109.303353,12.761428],[109.322618,12.765148],[109.33662,12.798295],[109.351148,12.79522],[109.351868,12.763871],[109.378135,12.712467],[109.330492,12.662035],[109.337226,12.653692],[109.349269,12.663246],[109.362478,12.643704],[109.367024,12.673831],[109.391057,12.669696],[109.394566,12.685817],[109.411678,12.653629],[109.407578,12.634967],[109.388254,12.630611],[109.395692,12.608145],[109.412992,12.603719],[109.414202,12.578299],[109.43111,12.563536],[109.438134,12.569205],[109.42755,12.599718],[109.433466,12.643194],[109.459486,12.65058],[109.451017,12.668163],[109.418732,12.677561],[109.40899,12.693593],[109.41541,12.705027],[109.403488,12.702028],[109.393686,12.714943],[109.358001,12.794431],[109.358871,12.832661],[109.387075,12.843576]]]]},"properties":{"id":"diaphanhanhchinhcaptinh_sn.133","ten":"Tỉnh Khánh Hòa","type":"Tỉnh","ma":"56","area_km2":8555.86,"population":2243554,"density":262.224253318778,"capital":"Khánh Hòa (cũ)","decree":"Nghị quyết số 202/2025/QH15","predecessors":"tỉnh Ninh Thuận và tỉnh Khánh Hòa","macro_region":"central_coast","parent_ma":null,"parent_ten":null}},
{"type":"Feature","geometry":{"type":"Polygon","coordinates":[[[103.526827,22.596481],[103.486564,22.62062],[103.454952,22.662599],[103.45587,22.683021],[103.429367,22.704435],[103.437705,22.754548],[103.371382,22.800214],[103.325557,22.812316],[103.284618,22.738304],[103.281123,22.685684],[103.220919,22.649426],[103.185576,22.647293],[103.166423,22.617398],[103.157024,22.593715],[103.180002,22.558347],[103.136849,22.542062],[103.114576,22.519069],[103.082099,22.512204],[103.0698,22.491162],[103.076681,22.452452],[103.028332,22.443936],[102.991657,22.462928],[102.984331,22.480442],[102.926946,22.484841],[102.920371,22.507101],[102.886917,22.538102],[102.89197,22.548035],[102.876066,22.560304],[102.875256,22.592794],[102.860826,22.610303],[102.823699,22.627408],[102.786036,22.627505],[102.783417,22.645814],[102.72929,22.66943],[102.705621,22.69598],[102.687754,22.705298],[102.654324,22.692335],[102.603269,22.734809],[102.582057,22.70857],[102.564904,22.706472],[102.545408,22.748147],[102.491342,22.781348],[102.457428,22.766595],[102.454059,22.734725],[102.433592,22.703645],[102.384761,22.685931],[102.399763,22.644302],[102.415132,22.638715],[102.367245,22.594638],[102.345755,22.589145],[102.353348,22.568798],[102.320578,22.558995],[102.318061,22.54864],[102.345599,22.493956],[102.389204,22.462047],[102.38636,22.408542],[102.446717,22.361308],[102.517057,22.258633],[102.541718,22.244063],[102.578721,22.260406],[102.615751,22.235694],[102.615647,22.201802],[102.639547,22.177522],[102.67312,22.168743],[102.695483,22.21011],[102.662168,22.257208],[102.674731,22.262862],[102.724399,22.238304],[102.749462,22.211286],[102.734952,22.17214],[102.740273,22.136006],[102.77163,22.10928],[102.776913,22.089142],[102.817872,22.068011],[102.858839,22.060552],[102.866469,22.078547],[102.923379,22.092333],[102.923163,22.107067],[102.928683,22.069241],[102.982315,22.028014],[103.004969,22.053978],[103.03935,22.048709],[103.060825,22.062861],[103.093371,22.059874],[103.100924,22.102704],[103.140632,22.070736],[103.168706,22.082001],[103.27866,22.04003],[103.288459,22.050977],[103.271687,22.075121],[103.284269,22.108207],[103.329803,22.15353],[103.385903,22.156832],[103.421408,22.072318],[103.465759,22.031888],[103.453502,22.006924],[103.49487,21.971985],[103.511228,21.991748],[103.511658,22.015268],[103.539669,22.030824],[103.632257,21.991523],[103.648945,21.994162],[103.664657,21.951188],[103.685133,21.943733],[103.681112,21.92334],[103.70258,21.904341],[103.703765,21.886132],[103.720395,21.879833],[103.694869,21.826884],[103.721275,21.809588],[103.754653,21.810319],[103.753225,21.783993],[103.774156,21.779625],[103.802757,21.741135],[103.833191,21.741948],[103.835484,21.71029],[103.851541,21.69266],[103.876282,21.687471],[103.880689,21.710363],[103.90588,21.69648],[103.921506,21.701227],[103.915733,21.737256],[103.950904,21.742621],[103.964441,21.770968],[103.887607,21.865529],[103.88793,21.912579],[103.919257,21.931254],[103.942559,21.919844],[103.983318,21.968113],[103.953958,22.001396],[103.9624,22.012725],[103.936805,22.085011],[103.936625,22.139241],[103.866261,22.180361],[103.870411,22.198396],[103.842054,22.225048],[103.827582,22.266327],[103.760911,22.313953],[103.78048,22.339583],[103.742287,22.410681],[103.726946,22.41751],[103.626291,22.398786],[103.60262,22.412271],[103.599977,22.427515],[103.5536,22.46859],[103.593312,22.527166],[103.566987,22.564732],[103.57024,22.57887],[103.526827,22.596481]]]},"properties":{"id":"diaphanhanhchinhcaptinh_sn.113","ten":"Tỉnh Lai Châu","type":"Tỉnh","ma":"12","area_km2":9068.73,"population":512601,"density":56.524011631176585,"capital":"giữ nguyên","decree":"Nghị quyết số 202/2025/QH15","predecessors":"giữ nguyên","macro_region":"northern_midlands","parent_ma":null,"parent_ten":null}},
{"type":"Feature","geometry":{"type":"MultiPolygon","coordinates":[[[[108.864384,11.330545],[108.869352,11.353016],[108.843041,11.377526],[108.79631,11.38518],[108.760163,11.409145],[108.758005,11.466948],[108.677922,11.474514],[108.641694,11.55128],[108.58126,11.556206],[108.549378,11.602635],[108.560255,11.64202],[108.669332,11.665606],[108.69961,11.702665],[108.688252,11.735528],[108.664541,11.751743],[108.670574,11.785159],[108.616928,11.805258],[108.651236,11.847459],[108.658545,11.95703],[108.679782,11.986368],[108.684554,12.027275],[108.709366,12.05787],[108.700183,12.094379],[108.671622,12.122759],[108.691445,12.132545],[108.693927,12.149034],[108.726595,12.161752],[108.708884,12.192353],[108.718802,12.220746],[108.699368,12.24286],[108.703969,12.303099],[108.678167,12.317266],[108.660423,12.298626],[108.593579,12.278625],[108.585986,12.289647],[108.5405,12.298615],[108.533785,12.282592],[108.507205,12.278559],[108.48108,12.310466],[108.457718,12.276624],[108.441132,12.278662],[108.437461,12.25141],[108.427937,12.260147],[108.410781,12.244598],[108.385969,12.242117],[108.36765,12.255176],[108.334456,12.2492],[108.338378,12.228913],[108.294347,12.202916],[108.275164,12.214792],[108.239318,12.161856],[108.225719,12.183612],[108.197907,12.171443],[108.160885,12.191858],[108.117874,12.176563],[108.03889,12.289213],[108.01833,12.291572],[108.014232,12.3034],[107.974793,12.297862],[107.931869,12.345005],[107.931703,12.374429],[107.911025,12.399979],[107.924476,12.412803],[107.921358,12.429118],[107.983378,12.447683],[107.999204,12.478141],[107.947991,12.525119],[107.908236,12.526808],[107.886348,12.542899],[107.893146,12.565412],[107.933177,12.593837],[107.917363,12.647638],[107.902858,12.650589],[107.912724,12.659398],[107.903679,12.678217],[107.910373,12.694524],[107.894386,12.716406],[107.908228,12.739376],[107.85506,12.761613],[107.853936,12.808877],[107.822657,12.802791],[107.802181,12.779953],[107.636495,12.800098],[107.560088,12.794466],[107.557834,12.713336],[107.57942,12.681615],[107.569362,12.636893],[107.587896,12.558742],[107.561136,12.523528],[107.578805,12.495882],[107.541781,12.413361],[107.55221,12.380085],[107.542478,12.353062],[107.442415,12.292812],[107.434764,12.246371],[107.396822,12.25668],[107.381194,12.297046],[107.343792,12.3353],[107.319366,12.323441],[107.307382,12.332831],[107.268428,12.325614],[107.237682,12.301694],[107.203486,12.300009],[107.22238,12.120998],[107.239275,12.111393],[107.231783,12.028429],[107.240898,12.040128],[107.253975,12.020367],[107.276121,12.013834],[107.291649,12.022518],[107.293871,12.010846],[107.320365,12.007231],[107.342954,11.980907],[107.350946,11.939624],[107.382322,11.920272],[107.405629,11.868367],[107.424438,11.859905],[107.406842,11.806192],[107.391752,11.795844],[107.391826,11.76996],[107.371705,11.771954],[107.285397,11.726496],[107.265899,11.644706],[107.300874,11.618062],[107.29576,11.584859],[107.308823,11.555746],[107.343381,11.544079],[107.359646,11.582406],[107.358927,11.556264],[107.376134,11.543253],[107.367347,11.518014],[107.399641,11.530244],[107.416072,11.513631],[107.439507,11.5175],[107.468424,11.480886],[107.428061,11.44027],[107.428175,11.425766],[107.473032,11.435868],[107.496759,11.386304],[107.511462,11.385611],[107.533245,11.356114],[107.543178,11.368449],[107.532669,11.32576],[107.516864,11.314637],[107.523663,11.252291],[107.484835,11.224164],[107.482203,11.205088],[107.433437,11.138044],[107.450676,11.113926],[107.443976,11.09245],[107.422571,11.081411],[107.414951,11.052899],[107.392441,11.050564],[107.471789,11.009372],[107.503761,11.014398],[107.541132,10.97852],[107.558194,10.938122],[107.55783,10.868996],[107.575787,10.834534],[107.565382,10.805085],[107.503661,10.772613],[107.504321,10.747216],[107.542352,10.705549],[107.53726,10.678406],[107.56588,10.618391],[107.568782,10.570341],[107.680737,10.626926],[107.753937,10.642507],[107.828249,10.706104],[107.903983,10.722872],[107.991753,10.701169],[108.015125,10.743757],[108.030029,10.818212],[108.086961,10.917213],[108.229882,10.953941],[108.291534,10.925268],[108.306224,10.951195],[108.336354,10.953819],[108.370642,11.031849],[108.413071,11.028678],[108.433066,11.047753],[108.456915,11.041249],[108.471528,11.05057],[108.519253,11.151793],[108.582649,11.18211],[108.616127,11.178274],[108.651786,11.193279],[108.704424,11.173289],[108.717243,11.178713],[108.755225,11.283801],[108.775073,11.288741],[108.786108,11.314258],[108.864384,11.330545]]],[[[108.93888,10.552777],[108.921672,10.546211],[108.929144,10.519079],[108.958322,10.505007],[108.952716,10.546213],[108.93888,10.552777]]]]},"properties":{"id":"diaphanhanhchinhcaptinh_sn.47","ten":"Tỉnh Lâm Đồng","type":"Tỉnh","ma":"68","area_km2":24233.07,"population":3872999,"density":159.82287840541872,"capital":"Lâm Đồng (cũ)","decree":"Nghị quyết số 202/2025/QH15","predecessors":"tỉnh Đắk Nông, tỉnh Bình Thuận và tỉnh Lâm Đồng","macro_region":"central_highlands","parent_ma":null,"parent_ten":null}},
{"type":"Feature","geometry":{"type":"Polygon","coordinates":[[[106.562476,22.424218],[106.534509,22.419869],[106.517142,22.39973],[106.491967,22.40316],[106.487069,22.371481],[106.464161,22.360539],[106.394857,22.373368],[106.359874,22.358868],[106.341302,22.374417],[106.330484,22.412218],[106.311962,22.410505],[106.276062,22.447787],[106.237382,22.460922],[106.214002,22.451277],[106.183524,22.387153],[106.217941,22.351158],[106.198569,22.30918],[106.244848,22.256373],[106.219308,22.205183],[106.230025,22.175945],[106.18863,22.14333],[106.155302,22.083162],[106.120899,22.086269],[106.09639,22.067255],[106.094207,22.03357],[106.112825,21.993387],[106.110753,21.964218],[106.096484,21.957861],[106.108511,21.948257],[106.095908,21.939139],[106.130196,21.918321],[106.112034,21.891457],[106.116011,21.843344],[106.093722,21.82105],[106.111335,21.784794],[106.133073,21.786224],[106.178328,21.743603],[106.233682,21.727783],[106.223228,21.680322],[106.190525,21.648767],[106.195736,21.62108],[106.184238,21.606141],[106.167647,21.595597],[106.169023,21.512151],[106.24065,21.487315],[106.284231,21.491826],[106.282276,21.452601],[106.299779,21.443072],[106.308443,21.452756],[106.325956,21.447958],[106.322901,21.410608],[106.372376,21.395368],[106.413155,21.408294],[106.403462,21.427591],[106.417043,21.438375],[106.463216,21.437691],[106.480807,21.450658],[106.492549,21.483033],[106.517613,21.499226],[106.50592,21.524283],[106.526145,21.560521],[106.569057,21.602423],[106.670004,21.607463],[106.700433,21.593655],[106.698248,21.572839],[106.741824,21.542087],[106.75534,21.544526],[106.759353,21.5723],[106.782101,21.577315],[106.800203,21.561827],[106.8382,21.560647],[106.863498,21.532735],[106.837875,21.513118],[106.841089,21.49582],[106.884682,21.493275],[106.899569,21.471743],[106.889659,21.453871],[106.908474,21.432534],[106.925623,21.440175],[106.952774,21.424376],[106.982394,21.440755],[107.000259,21.425728],[106.984114,21.401833],[106.986737,21.361754],[107.029895,21.324301],[107.093307,21.359899],[107.097012,21.376483],[107.167887,21.3644],[107.215046,21.389589],[107.238467,21.366245],[107.250845,21.368421],[107.262651,21.400564],[107.242485,21.436578],[107.244091,21.48317],[107.231013,21.521095],[107.203258,21.543086],[107.278957,21.566378],[107.29338,21.594252],[107.334235,21.589204],[107.360577,21.601699],[107.357294,21.665021],[107.300625,21.742706],[107.259766,21.728017],[107.245754,21.706992],[107.220378,21.708984],[107.196536,21.721901],[107.184553,21.747204],[107.138042,21.764009],[107.109947,21.794629],[107.007797,21.828306],[107.004051,21.849153],[107.061371,21.895904],[107.046945,21.929094],[107.018431,21.946434],[106.988922,21.951632],[106.976292,21.927353],[106.959304,21.921045],[106.928912,21.931612],[106.915997,21.976214],[106.833764,21.984915],[106.807816,21.975275],[106.763251,22.013646],[106.73628,22.008414],[106.717273,21.974993],[106.689429,21.96559],[106.681096,22.003183],[106.705776,22.025832],[106.695365,22.055007],[106.71074,22.096573],[106.693725,22.111482],[106.688123,22.138531],[106.704129,22.16091],[106.668899,22.185326],[106.699747,22.220593],[106.683063,22.266147],[106.68861,22.28007],[106.665611,22.286043],[106.647875,22.340169],[106.617134,22.334063],[106.558866,22.348262],[106.559822,22.365272],[106.578118,22.372921],[106.58426,22.390663],[106.562476,22.424218]]]},"properties":{"id":"diaphanhanhchinhcaptinh_sn.105","ten":"Tỉnh Lạng Sơn","type":"Tỉnh","ma":"20","area_km2":8310.18,"population":881384,"density":106.0607592133985,"capital":"giữ nguyên","decree":"Nghị quyết số 202/2025/QH15","predecessors":"giữ nguyên","macro_region":"northern_midlands","parent_ma":null,"parent_ten":null}},
{"type":"Feature","geometry":{"type":"Polygon","coordinates":[[[105.084832,21.718221],[105.056454,21.745719],[105.099254,21.813468],[105.043329,21.86574],[105.036566,21.890564],[105.012151,21.89935],[105.016464,21.935437],[104.985058,21.938039],[104.996498,22.043602],[104.962294,22.029696],[104.928073,22.062123],[104.877477,22.075784],[104.845767,22.186491],[104.807672,22.172607],[104.757501,22.17254],[104.719798,22.209866],[104.727202,22.238735],[104.717436,22.260624],[104.680118,22.262871],[104.669684,22.276015],[104.609254,22.292099],[104.584258,22.253371],[104.546641,22.244545],[104.543366,22.278131],[104.577098,22.304761],[104.563891,22.332528],[104.579227,22.348892],[104.547972,22.357759],[104.547216,22.381663],[104.464775,22.426167],[104.451343,22.445078],[104.447882,22.461284],[104.471675,22.487375],[104.412816,22.533611],[104.424428,22.574513],[104.464081,22.576861],[104.458653,22.611228],[104.42832,22.615152],[104.388505,22.680033],[104.357443,22.674825],[104.335717,22.688531],[104.341456,22.714537],[104.316389,22.732467],[104.267777,22.742992],[104.255077,22.77305],[104.269823,22.829794],[104.26273,22.843638],[104.163311,22.82331],[104.136082,22.806811],[104.115183,22.812406],[104.040554,22.729048],[104.026239,22.693867],[104.037745,22.678728],[104.005632,22.577957],[104.009874,22.524582],[103.959907,22.507958],[103.925243,22.540648],[103.913711,22.534763],[103.889658,22.569946],[103.874248,22.566254],[103.766062,22.690997],[103.750695,22.690089],[103.643756,22.795129],[103.616807,22.786925],[103.607029,22.757017],[103.563469,22.707172],[103.577102,22.666213],[103.526827,22.596481],[103.57024,22.57887],[103.566987,22.564732],[103.593312,22.527166],[103.5536,22.46859],[103.599977,22.427515],[103.60262,22.412271],[103.626291,22.398786],[103.726946,22.41751],[103.742287,22.410681],[103.78048,22.339583],[103.760911,22.313953],[103.827582,22.266327],[103.842054,22.225048],[103.870411,22.198396],[103.866261,22.180361],[103.936625,22.139241],[103.936805,22.085011],[103.9624,22.012725],[103.953958,22.001396],[103.983318,21.968113],[103.942559,21.919844],[103.919257,21.931254],[103.88793,21.912579],[103.887607,21.865529],[103.964441,21.770968],[103.950904,21.742621],[103.915733,21.737256],[103.921506,21.701227],[103.935866,21.670478],[104.027387,21.672469],[104.088298,21.643282],[104.143719,21.656199],[104.194171,21.64883],[104.215806,21.673347],[104.333019,21.655758],[104.336774,21.642077],[104.28707,21.602453],[104.294973,21.57331],[104.274853,21.55143],[104.291805,21.518396],[104.280968,21.471905],[104.324729,21.411588],[104.345028,21.41941],[104.366337,21.400199],[104.388823,21.40183],[104.429542,21.355765],[104.473632,21.354242],[104.526927,21.413472],[104.577392,21.410748],[104.585616,21.423751],[104.672153,21.376542],[104.68989,21.401586],[104.732075,21.405827],[104.746775,21.356543],[104.76483,21.347875],[104.769049,21.330731],[104.812105,21.33531],[104.846399,21.339871],[104.856662,21.367034],[104.877772,21.345137],[104.89784,21.351224],[104.880536,21.383965],[104.904533,21.414589],[104.909978,21.446867],[104.866155,21.546641],[104.900995,21.571557],[104.887221,21.613708],[104.904914,21.610504],[104.907062,21.634443],[104.953,21.662149],[104.970924,21.648533],[104.984137,21.664565],[104.97764,21.673784],[105,21.691929],[105.032848,21.700864],[105.09639,21.68153],[105.084832,21.718221]]]},"properties":{"id":"diaphanhanhchinhcaptinh_sn.114","ten":"Tỉnh Lào Cai","type":"Tỉnh","ma":"15","area_km2":13256.92,"population":1778785,"density":134.17784824831108,"capital":"Yên Bái (cũ)","decree":"Nghị quyết số 202/2025/QH15","predecessors":"tỉnh Yên Bái và tỉnh Lào Cai","macro_region":"northern_midlands","parent_ma":null,"parent_ten":null}},
{"type":"Feature","geometry":{"type":"Polygon","coordinates":[[[105.803323,19.288795],[105.798202,19.302535],[105.761649,19.295456],[105.739543,19.32225],[105.687294,19.302252],[105.672946,19.320785],[105.662453,19.315317],[105.66602,19.341132],[105.641238,19.354069],[105.624858,19.381389],[105.588407,19.371474],[105.522941,19.464603],[105.481639,19.450404],[105.463525,19.457093],[105.443326,19.442991],[105.427012,19.457375],[105.39393,19.450916],[105.350346,19.539322],[105.332425,19.534354],[105.291541,19.475845],[105.269227,19.509394],[105.279531,19.598354],[105.255205,19.645338],[105.243227,19.658352],[105.222446,19.65044],[105.165335,19.684669],[105.151717,19.709741],[105.160252,19.723439],[105.13392,19.741367],[105.128645,19.825192],[105.147531,19.852441],[105.185811,19.864905],[105.170284,19.915787],[105.101949,19.937352],[105.050409,19.934248],[104.964659,19.97689],[104.959291,19.993664],[104.918681,19.997322],[104.901358,19.967192],[104.841136,19.921296],[104.847456,19.870203],[104.832168,19.854432],[104.846996,19.841972],[104.832856,19.794689],[104.762934,19.776424],[104.755741,19.751925],[104.721882,19.75529],[104.66096,19.702269],[104.669126,19.684755],[104.645329,19.652986],[104.642447,19.62381],[104.60727,19.634077],[104.559403,19.611644],[104.526755,19.613465],[104.505612,19.623256],[104.489125,19.654813],[104.459055,19.650171],[104.443535,19.658724],[104.444599,19.672449],[104.424931,19.674094],[104.41397,19.707738],[104.348268,19.692478],[104.318322,19.668306],[104.320619,19.685177],[104.306155,19.696897],[104.236176,19.70821],[104.1741,19.68989],[104.161287,19.697466],[104.154307,19.670561],[104.133192,19.662306],[104.106092,19.661537],[104.070096,19.681888],[104.055668,19.65292],[104.067361,19.636863],[104.059313,19.620446],[104.106323,19.570023],[104.10201,19.524471],[104.121371,19.503011],[104.090736,19.489951],[104.084329,19.467944],[104.06356,19.453613],[104.073942,19.449632],[104.068767,19.416715],[104.047984,19.42655],[104.01113,19.403218],[103.974434,19.399424],[103.955644,19.384757],[103.950804,19.358651],[103.88235,19.32682],[103.87354,19.307917],[103.914085,19.303338],[103.960101,19.252108],[104.000201,19.230359],[104.069001,19.248087],[104.10147,19.213005],[104.110868,19.224437],[104.129369,19.204627],[104.17975,19.198908],[104.19903,19.162224],[104.224353,19.154112],[104.212332,19.121261],[104.248434,19.111096],[104.279389,19.120901],[104.298343,19.114398],[104.308412,19.0902],[104.396796,19.058971],[104.421244,19.007223],[104.446714,18.986617],[104.484722,19.004546],[104.511036,18.982522],[104.530288,18.984318],[104.577588,18.902627],[104.626279,18.888816],[104.675502,18.838391],[104.713135,18.841366],[104.737182,18.801573],[104.782793,18.803004],[104.793326,18.784938],[104.839372,18.786396],[104.855244,18.77564],[104.911641,18.791791],[104.936356,18.774556],[104.941043,18.739388],[105.018765,18.746682],[105.017524,18.731843],[105.050024,18.729979],[105.057485,18.724333],[105.048575,18.70768],[105.071314,18.704472],[105.131607,18.715832],[105.143707,18.702662],[105.138327,18.681057],[105.195149,18.646316],[105.186814,18.60338],[105.228914,18.58931],[105.249137,18.610917],[105.28452,18.623179],[105.378413,18.581053],[105.432793,18.590362],[105.476475,18.615268],[105.502658,18.611236],[105.542758,18.553563],[105.581287,18.55994],[105.597061,18.577691],[105.615476,18.579883],[105.623884,18.569106],[105.664119,18.585301],[105.678092,18.580337],[105.688967,18.628647],[105.714273,18.668386],[105.766985,18.676264],[105.740782,18.743082],[105.766162,18.767791],[105.724191,18.80603],[105.71573,18.852275],[105.634719,18.899335],[105.615039,18.984285],[105.624829,19.03989],[105.653561,19.087529],[105.673561,19.09929],[105.690418,19.083322],[105.711196,19.104147],[105.736253,19.106039],[105.727296,19.132967],[105.734461,19.216131],[105.747379,19.230823],[105.764107,19.229111],[105.776714,19.269777],[105.804049,19.274866],[105.803323,19.288795]]]},"properties":{"id":"diaphanhanhchinhcaptinh_sn.60","ten":"Tỉnh Nghệ An","type":"Tỉnh","ma":"40","area_km2":16486.5,"population":3831694,"density":232.4140357262002,"capital":"giữ nguyên","decree":"Nghị quyết số 202/2025/QH15","predecessors":"giữ nguyên","macro_region":"central_coast","parent_ma":null,"parent_ten":null}},
{"type":"Feature","geometry":{"type":"Polygon","coordinates":[[[105.767675,20.564756],[105.802585,20.504145],[105.850987,20.477988],[105.854744,20.428173],[105.821357,20.419813],[105.79033,20.455066],[105.778918,20.4372],[105.753958,20.442542],[105.75188,20.368371],[105.721612,20.40561],[105.683756,20.410827],[105.731848,20.337899],[105.683563,20.306507],[105.598496,20.36413],[105.541707,20.36431],[105.562264,20.31779],[105.598197,20.31232],[105.614546,20.286086],[105.647402,20.275267],[105.691438,20.222553],[105.741631,20.186091],[105.892514,20.120746],[105.960333,20.067478],[106.071156,20.06385],[106.051922,20.006705],[106.025302,19.993389],[106.023339,19.965762],[106.049367,19.949719],[106.062286,19.922618],[106.154151,19.950944],[106.18762,20.007544],[106.200507,20.006143],[106.350787,20.181151],[106.406295,20.206889],[106.509585,20.226004],[106.540731,20.225913],[106.539325,20.203113],[106.561715,20.206085],[106.579678,20.217254],[106.58711,20.244262],[106.526497,20.317071],[106.475281,20.292174],[106.446497,20.291745],[106.401903,20.336185],[106.357231,20.351454],[106.339209,20.377696],[106.27982,20.33215],[106.255687,20.331273],[106.252132,20.35549],[106.283686,20.382894],[106.279983,20.401088],[106.21619,20.413593],[106.207789,20.428854],[106.223605,20.466226],[106.180742,20.486602],[106.166354,20.5565],[106.131164,20.575379],[106.112474,20.616233],[106.072171,20.604153],[106.052628,20.612401],[106.030188,20.643326],[106.03058,20.686448],[105.999479,20.704582],[105.956462,20.651598],[105.942801,20.656693],[105.94164,20.682738],[105.894443,20.668653],[105.894646,20.653479],[105.878473,20.64437],[105.820986,20.665754],[105.831293,20.647728],[105.809301,20.630226],[105.795446,20.574059],[105.767675,20.564756]]]},"properties":{"id":"diaphanhanhchinhcaptinh_sn.104","ten":"Tỉnh Ninh Bình","type":"Tỉnh","ma":"37","area_km2":3942.62,"population":4412264,"density":1119.1197731457762,"capital":"Ninh Bình (cũ)","decree":"Nghị quyết số 202/2025/QH15","predecessors":"tỉnh Hà Nam, tỉnh Nam Định và tỉnh Ninh Bình","macro_region":"red_river_delta","parent_ma":null,"parent_ten":null}},
{"type":"Feature","geometry":{"type":"Polygon","coordinates":[[[105.540881,21.576042],[105.515133,21.534902],[105.425205,21.503343],[105.369208,21.525806],[105.335065,21.505383],[105.299125,21.510383],[105.292178,21.538664],[105.264903,21.547409],[105.271548,21.56301],[105.248073,21.583724],[105.246673,21.615445],[105.224541,21.626847],[105.232936,21.659846],[105.084832,21.718221],[105.09639,21.68153],[105.032848,21.700864],[105,21.691929],[104.97764,21.673784],[104.984137,21.664565],[104.970924,21.648533],[104.953,21.662149],[104.907062,21.634443],[104.904914,21.610504],[104.887221,21.613708],[104.900995,21.571557],[104.866155,21.546641],[104.909978,21.446867],[104.904533,21.414589],[104.880536,21.383965],[104.89784,21.351224],[104.877772,21.345137],[104.856662,21.367034],[104.846399,21.339871],[104.812105,21.33531],[104.841285,21.309464],[104.839729,21.266696],[104.853742,21.236785],[104.84283,21.226665],[104.862508,21.207279],[104.851787,21.152479],[104.910615,21.112895],[104.874289,21.098692],[104.865942,21.077173],[104.851801,21.077535],[104.864799,21.033048],[104.940541,20.932704],[104.972521,20.90929],[105.004031,20.844659],[104.99594,20.815483],[105.021812,20.802684],[104.988871,20.755409],[105.015135,20.732377],[105,20.723907],[104.885063,20.760963],[104.838012,20.750235],[104.847868,20.70391],[104.833568,20.69836],[104.834956,20.660594],[104.844535,20.65184],[104.852604,20.662932],[104.898273,20.669748],[104.957135,20.629568],[104.966627,20.596315],[104.958282,20.580472],[105.001825,20.574127],[105.020022,20.559792],[105.045767,20.559581],[105.078127,20.578002],[105.103361,20.572317],[105.153588,20.542706],[105.167794,20.517778],[105.204881,20.518954],[105.242879,20.490343],[105.24078,20.475957],[105.262811,20.459097],[105.256544,20.435206],[105.349851,20.391389],[105.402466,20.375667],[105.427656,20.387557],[105.500977,20.36151],[105.528501,20.371672],[105.541707,20.36431],[105.598496,20.36413],[105.683563,20.306507],[105.731848,20.337899],[105.683756,20.410827],[105.721612,20.40561],[105.75188,20.368371],[105.753958,20.442542],[105.778918,20.4372],[105.79033,20.455066],[105.821357,20.419813],[105.854744,20.428173],[105.850987,20.477988],[105.802585,20.504145],[105.767675,20.564756],[105.740306,20.598305],[105.705031,20.601124],[105.692042,20.622007],[105.664416,20.618947],[105.663004,20.630009],[105.684248,20.639418],[105.667292,20.680045],[105.679768,20.69656],[105.659546,20.726157],[105.64678,20.793722],[105.630446,20.79469],[105.634598,20.839592],[105.616991,20.831651],[105.597334,20.842052],[105.580685,20.812753],[105.556301,20.810835],[105.585001,20.847744],[105.5519,20.890562],[105.57973,20.927051],[105.517828,20.921555],[105.455352,20.950487],[105.383289,21.023824],[105.353476,21.00959],[105.31681,21.013311],[105.29242,21.050223],[105.317115,21.115552],[105.286957,21.165959],[105.300075,21.193504],[105.343828,21.226453],[105.360401,21.283884],[105.392238,21.304991],[105.441377,21.273075],[105.467854,21.179438],[105.494557,21.159496],[105.626777,21.170718],[105.612495,21.206844],[105.657113,21.221957],[105.645157,21.237678],[105.664517,21.240156],[105.673767,21.228615],[105.68502,21.235907],[105.695571,21.216229],[105.735577,21.237269],[105.722898,21.268277],[105.75736,21.30338],[105.782894,21.361602],[105.759113,21.379507],[105.75378,21.412769],[105.721675,21.413424],[105.721955,21.433126],[105.643502,21.467588],[105.60024,21.526582],[105.540881,21.576042]]]},"properties":{"id":"diaphanhanhchinhcaptinh_sn.125","ten":"Tỉnh Phú Thọ","type":"Tỉnh","ma":"25","area_km2":9361.38,"population":4022638,"density":429.70566305395147,"capital":"Phú Thọ (cũ)","decree":"Nghị quyết số 202/2025/QH15","predecessors":"tỉnh Vĩnh Phúc, tỉnh Hòa Bình và tỉnh Phú Thọ","macro_region":"northern_midlands","parent_ma":null,"parent_ten":null}},
{"type":"Feature","geometry":{"type":"MultiPolygon","coordinates":[[[[109.121946,15.391801],[109.097607,15.390588],[109.095374,15.376027],[109.13921,15.378515],[109.140908,15.388512],[109.121946,15.391801]]],[[[109.080779,14.578747],[109.063315,14.655576],[109.066576,14.678345],[109.073529,14.666571],[109.081622,14.67222],[109.074986,14.706245],[108.998976,14.81973],[108.962313,14.898374],[108.901434,15.079396],[108.893176,15.191274],[108.904234,15.205895],[108.920553,15.204883],[108.913832,15.214412],[108.931513,15.215679],[108.93853,15.243042],[108.904909,15.250589],[108.875004,15.28629],[108.867695,15.302272],[108.880315,15.328533],[108.863581,15.335408],[108.868442,15.35178],[108.848393,15.349711],[108.825886,15.377576],[108.824779,15.419433],[108.810062,15.413133],[108.796518,15.426009],[108.804209,15.40102],[108.770058,15.387519],[108.736995,15.398656],[108.713571,15.372237],[108.642343,15.368485],[108.523962,15.321376],[108.501612,15.326326],[108.482516,15.309185],[108.437693,15.312757],[108.430546,15.327114],[108.397896,15.300946],[108.315339,15.300858],[108.298591,15.285855],[108.300836,15.259767],[108.279662,15.244777],[108.286123,15.229035],[108.305655,15.224811],[108.289542,15.200576],[108.304549,15.175137],[108.256133,15.118616],[108.25456,15.09057],[108.233917,15.079323],[108.238842,15.034683],[108.211134,15.033812],[108.173817,15.061534],[108.15836,15.061093],[108.145653,15.04625],[108.159998,14.975274],[108.142831,14.960764],[108.096663,14.953287],[108.041795,14.994629],[107.988445,15.000195],[107.955337,15.037913],[107.94814,15.054271],[107.974271,15.070946],[108.000917,15.120635],[107.997279,15.157038],[107.948573,15.176339],[107.927693,15.209984],[107.912831,15.213148],[107.887722,15.194944],[107.869493,15.211269],[107.807785,15.212539],[107.757252,15.238456],[107.734723,15.232169],[107.728555,15.309245],[107.706116,15.304023],[107.692035,15.317787],[107.662818,15.353378],[107.653672,15.396167],[107.634995,15.416852],[107.622156,15.414096],[107.594974,15.382831],[107.608261,15.336268],[107.632668,15.320568],[107.613571,15.28919],[107.617628,15.246719],[107.631705,15.231884],[107.618526,15.227319],[107.618085,15.212895],[107.593035,15.212188],[107.581525,15.198298],[107.624508,15.149761],[107.620357,15.136144],[107.605966,15.13375],[107.620912,15.106208],[107.596755,15.090117],[107.61896,15.05189],[107.591125,15.049908],[107.580823,15.029344],[107.537807,15.050465],[107.498785,15.022619],[107.472769,15.02139],[107.466592,15.006318],[107.481042,14.952817],[107.503423,14.931549],[107.528067,14.92928],[107.538001,14.909389],[107.583642,14.892367],[107.588121,14.875539],[107.503735,14.787197],[107.539751,14.751935],[107.521387,14.724468],[107.554959,14.720018],[107.542588,14.611454],[107.514666,14.58693],[107.530213,14.556264],[107.505362,14.509962],[107.487017,14.408853],[107.458126,14.407534],[107.446597,14.427136],[107.426004,14.413913],[107.431591,14.382044],[107.389369,14.328218],[107.405369,14.298376],[107.404365,14.234698],[107.375472,14.180885],[107.356706,14.1712],[107.331266,14.106808],[107.380831,14.079744],[107.378096,14.066208],[107.36311,14.064543],[107.354651,14.027148],[107.381643,13.991851],[107.441869,13.998266],[107.456169,13.923521],[107.469162,13.954938],[107.516515,13.989659],[107.523541,14.01785],[107.590841,14.026421],[107.611225,14.064777],[107.629484,14.05526],[107.645188,14.065635],[107.658402,14.166541],[107.685554,14.217899],[107.752547,14.20556],[107.779547,14.223788],[107.814812,14.21538],[107.845996,14.276347],[107.875544,14.28339],[107.893496,14.281534],[107.957843,14.229314],[107.980859,14.244437],[108.011038,14.241522],[108.036372,14.27726],[108.058668,14.268091],[108.085499,14.317851],[108.076264,14.332578],[108.106864,14.342231],[108.11355,14.364607],[108.14713,14.361376],[108.145477,14.348683],[108.211484,14.389147],[108.294519,14.393785],[108.296457,14.418906],[108.380938,14.516817],[108.355483,14.575896],[108.373297,14.60165],[108.396882,14.603664],[108.432814,14.560966],[108.491658,14.544962],[108.526442,14.5577],[108.543051,14.589117],[108.559332,14.586437],[108.594003,14.564547],[108.594822,14.547381],[108.612598,14.535033],[108.628029,14.553116],[108.640435,14.549466],[108.63867,14.566878],[108.696892,14.599467],[108.702486,14.615636],[108.734166,14.590374],[108.757821,14.596593],[108.765614,14.678021],[108.81069,14.672056],[108.836796,14.695301],[108.845461,14.683398],[108.853192,14.692942],[108.887027,14.684093],[108.925994,14.703668],[108.975184,14.672783],[109.014404,14.667119],[109.042359,14.633616],[109.042996,14.611468],[109.080779,14.578747]]]]},"properties":{"id":"diaphanhanhchinhcaptinh_sn.130","ten":"Tỉnh Quảng Ngãi","type":"Tỉnh","ma":"51","area_km2":14832.55,"population":2161755,"density":145.7439887274946,"capital":"Quảng Ngãi (cũ)","decree":"Nghị quyết số 202/2025/QH15","predecessors":"tỉnh Kon Tum và tỉnh Quảng Ngãi","macro_region":"central_coast","parent_ma":null,"parent_ten":null}},
{"type":"Feature","geometry":{"type":"MultiPolygon","coordinates":[[[[107.451221,20.717388],[107.470727,20.741896],[107.446631,20.724143],[107.451221,20.717388]]],[[[107.130377,20.764898],[107.121352,20.759872],[107.128331,20.741208],[107.153639,20.738623],[107.138636,20.746839],[107.15223,20.751027],[107.147361,20.762237],[107.130377,20.764898]]],[[[107.413954,20.781354],[107.41814,20.800946],[107.403984,20.809507],[107.399061,20.779413],[107.408483,20.77283],[107.413954,20.781354]]],[[[107.126188,20.795819],[107.112396,20.81689],[107.122317,20.769837],[107.139822,20.78418],[107.126188,20.795819]]],[[[107.178216,20.821362],[107.176139,20.829765],[107.164381,20.813199],[107.178216,20.821362]]],[[[107.156504,20.840929],[107.156888,20.849168],[107.151959,20.840377],[107.16188,20.828682],[107.173023,20.833695],[107.163416,20.847042],[107.156504,20.840929]]],[[[107.344404,20.852698],[107.332094,20.853497],[107.342085,20.805366],[107.366626,20.807036],[107.379917,20.795154],[107.38131,20.829482],[107.3628,20.827617],[107.356485,20.845078],[107.346849,20.829441],[107.344404,20.852698]]],[[[107.288286,20.85545],[107.269744,20.849581],[107.268043,20.835879],[107.293871,20.844911],[107.283143,20.844815],[107.288286,20.85545]]],[[[107.096536,20.854916],[107.082223,20.841901],[107.093813,20.845535],[107.106725,20.827169],[107.096536,20.854916]]],[[[107.266108,20.871943],[107.253955,20.867332],[107.27163,20.860496],[107.266108,20.871943]]],[[[106.890607,20.844777],[106.887798,20.874322],[106.875075,20.853073],[106.890607,20.844777]]],[[[107.297906,20.875956],[107.292643,20.874653],[107.302792,20.86126],[107.299505,20.870379],[107.311289,20.874163],[107.297906,20.875956]]],[[[107.064484,20.870301],[107.055842,20.877505],[107.066314,20.857993],[107.064484,20.870301]]],[[[107.013064,20.87798],[107.002355,20.871488],[107.011365,20.864548],[107.022935,20.874209],[107.013064,20.87798]]],[[[107.037186,20.880862],[107.027594,20.876603],[107.043243,20.866237],[107.037186,20.880862]]],[[[107.203903,20.8863],[107.185088,20.882679],[107.209062,20.861703],[107.232495,20.863852],[107.220026,20.863523],[107.217323,20.88093],[107.210684,20.875472],[107.203903,20.8863]]],[[[106.997781,20.892964],[106.977329,20.88951],[106.978476,20.872219],[106.995329,20.870984],[106.98611,20.878511],[106.997781,20.892964]]],[[[107.343323,20.888513],[107.328286,20.895934],[107.32692,20.879945],[107.335056,20.873431],[107.33843,20.88772],[107.350381,20.861753],[107.389688,20.865604],[107.37132,20.877519],[107.392716,20.87703],[107.384608,20.891574],[107.359952,20.888619],[107.352321,20.891639],[107.346689,20.885839],[107.343323,20.888513]]],[[[107.008795,20.893111],[107.00115,20.880296],[107.006952,20.888305],[107.013605,20.880055],[107.008795,20.893111]]],[[[106.965983,20.889233],[106.963567,20.897039],[106.948228,20.884848],[106.965983,20.889233]]],[[[107.340721,20.898072],[107.337384,20.900937],[107.345555,20.888448],[107.352223,20.895477],[107.340721,20.898072]]],[[[107.441809,20.900277],[107.41382,20.89294],[107.429334,20.885403],[107.449954,20.898906],[107.441809,20.900277]]],[[[107.020927,20.910364],[107.007435,20.905505],[107.018151,20.900599],[107.020927,20.910364]]],[[[107.326851,20.926273],[107.30912,20.92422],[107.347673,20.916132],[107.326851,20.926273]]],[[[106.967823,20.939741],[106.959338,20.94232],[106.960131,20.925306],[106.980241,20.914937],[106.979997,20.929596],[106.991537,20.918139],[106.993767,20.939619],[106.967823,20.939741]]],[[[107.104371,20.935562],[107.092015,20.945511],[107.093691,20.931183],[107.107772,20.92865],[107.104371,20.935562]]],[[[107.390833,20.94887],[107.378416,20.939607],[107.393862,20.93779],[107.390833,20.94887]]],[[[107.536184,20.917071],[107.556163,20.934761],[107.549212,20.956724],[107.530706,20.91794],[107.477402,20.900231],[107.51116,20.893861],[107.496444,20.880245],[107.473968,20.886162],[107.489946,20.870019],[107.468471,20.815716],[107.536184,20.917071]]],[[[107.382035,20.961239],[107.340689,20.936356],[107.336775,20.94499],[107.309005,20.9367],[107.349871,20.926665],[107.382035,20.961239]]],[[[106.900991,20.964173],[106.893911,20.959568],[106.915823,20.954209],[106.900991,20.964173]]],[[[107.448585,20.953017],[107.448945,20.970428],[107.403227,20.920842],[107.344632,20.905649],[107.403209,20.913734],[107.448585,20.953017]]],[[[107.312353,20.9595],[107.304178,20.971736],[107.299583,20.964451],[107.312353,20.9595]]],[[[107.753278,21.013384],[107.743347,21.023279],[107.730255,21.006351],[107.761017,20.970861],[107.736484,20.943369],[107.778063,20.971241],[107.76258,20.997051],[107.783877,20.986492],[107.753278,21.013384]]],[[[107.445942,21.025344],[107.43202,21.014172],[107.438745,21.008389],[107.445942,21.025344]]],[[[107.859304,21.041082],[107.833581,21.043006],[107.805329,21.005079],[107.802915,20.977949],[107.861798,21.0285],[107.859304,21.041082]]],[[[107.554377,21.030282],[107.549613,21.04618],[107.534111,21.009221],[107.531586,21.040434],[107.50846,21.003152],[107.507492,21.018264],[107.484185,20.984236],[107.464837,20.980396],[107.441491,20.933715],[107.488962,20.981048],[107.480065,20.955621],[107.393136,20.902302],[107.394004,20.892925],[107.453266,20.917676],[107.449125,20.906956],[107.513945,20.922641],[107.554377,21.030282]]],[[[107.777259,21.046314],[107.763686,21.045389],[107.760648,21.032999],[107.779174,21.037627],[107.777259,21.046314]]],[[[107.55717,21.056106],[107.555357,21.070736],[107.546728,21.054464],[107.55717,21.056106]]],[[[107.531667,21.05552],[107.521305,21.074905],[107.494692,21.035373],[107.531667,21.05552]]],[[[107.507935,21.076066],[107.495347,21.072131],[107.513682,21.070463],[107.507935,21.076066]]],[[[107.579133,21.117174],[107.549987,21.117868],[107.52397,21.078869],[107.537962,21.067819],[107.555527,21.075057],[107.579133,21.117174]]],[[[107.581845,20.999596],[107.629253,21.126431],[107.586461,21.072452],[107.56145,20.970778],[107.581845,20.999596]]],[[[107.580876,21.136031],[107.564337,21.138551],[107.555364,21.122104],[107.580876,21.136031]]],[[[107.399047,21.13345],[107.400324,21.171562],[107.391355,21.149184],[107.399047,21.13345]]],[[[107.434703,21.186717],[107.429123,21.195846],[107.420161,21.187518],[107.4303,21.17872],[107.434703,21.186717]]],[[[107.656482,21.139495],[107.679889,21.216221],[107.661109,21.191795],[107.656482,21.139495]]],[[[107.406201,21.230462],[107.407346,21.242093],[107.393968,21.230278],[107.383151,21.238972],[107.36973,21.193052],[107.389079,21.195479],[107.388247,21.215057],[107.406201,21.230462]]],[[[107.97132,21.2314],[107.971746,21.249483],[107.945807,21.238952],[107.97132,21.2314]]],[[[107.634242,21.257666],[107.587311,21.237658],[107.609338,21.244199],[107.61284,21.234733],[107.634242,21.257666]]],[[[107.539952,21.199079],[107.473205,21.271073],[107.454411,21.274547],[107.454735,21.207031],[107.474575,21.183177],[107.442213,21.185483],[107.445197,21.164777],[107.419375,21.169736],[107.437772,21.149977],[107.36605,21.076029],[107.380742,21.039207],[107.427205,21.060052],[107.425771,21.069748],[107.556858,21.157131],[107.608922,21.218738],[107.539952,21.199079]]],[[[107.579819,21.269166],[107.565898,21.277644],[107.538047,21.264641],[107.543678,21.25715],[107.554921,21.264816],[107.556277,21.25481],[107.586015,21.262095],[107.579819,21.269166]]],[[[107.810571,21.346708],[107.816551,21.35812],[107.710323,21.30517],[107.74499,21.308],[107.810571,21.346708]]],[[[107.753916,21.362717],[107.756543,21.372276],[107.742031,21.369433],[107.753916,21.362717]]],[[[107.994822,21.398657],[107.831833,21.36785],[107.887365,21.37209],[107.846361,21.348844],[107.847519,21.35821],[107.844297,21.340507],[107.881623,21.358977],[107.943169,21.357182],[107.997117,21.390388],[107.994822,21.398657]]],[[[106.868578,20.833395],[106.850338,20.86875],[106.868103,20.874235],[106.885289,20.906681],[106.880035,20.930713],[106.894902,20.904166],[106.945572,20.909733],[106.913702,20.947544],[106.877168,20.965156],[106.88616,20.992459],[106.939429,20.935152],[106.983647,20.957093],[107.032182,20.941799],[107.083805,20.950335],[107.119192,20.937928],[107.142586,20.943275],[107.156154,20.928737],[107.162527,20.935994],[107.149598,20.939787],[107.199002,20.93644],[107.191449,20.945187],[107.200972,20.962986],[107.249265,20.998673],[107.334765,20.99131],[107.353944,21.001618],[107.370315,21.027313],[107.353662,21.076761],[107.375329,21.086672],[107.35714,21.105115],[107.370661,21.100387],[107.386744,21.130397],[107.382923,21.176237],[107.36739,21.175762],[107.36367,21.194091],[107.364713,21.262389],[107.403776,21.285416],[107.418407,21.269206],[107.418994,21.287379],[107.449537,21.282911],[107.438259,21.300901],[107.451789,21.316487],[107.507592,21.301188],[107.534457,21.338123],[107.552219,21.312484],[107.602733,21.297306],[107.596575,21.308079],[107.632913,21.347358],[107.636645,21.380621],[107.670796,21.382159],[107.660439,21.397516],[107.669175,21.415077],[107.680143,21.403866],[107.75169,21.404804],[107.759901,21.446988],[107.79717,21.478136],[107.773349,21.507075],[107.75314,21.508067],[107.773661,21.523491],[107.808851,21.511676],[107.834952,21.52606],[107.838873,21.503838],[107.856765,21.529213],[107.884623,21.506722],[107.886748,21.528087],[107.915256,21.525897],[107.922549,21.502555],[107.946589,21.497499],[107.924279,21.471669],[107.937506,21.456916],[107.944954,21.464475],[107.946924,21.45078],[107.962483,21.49354],[107.977879,21.472158],[107.988664,21.478557],[107.96703,21.434205],[108.019069,21.477891],[108.085835,21.486084],[108.06072,21.496039],[108.01786,21.489373],[108.042964,21.50829],[108.018431,21.512787],[108.038514,21.517641],[108.029853,21.531918],[108.046509,21.526207],[108.043834,21.540224],[108.003802,21.549585],[107.953347,21.538806],[107.940336,21.571588],[107.922898,21.589977],[107.897459,21.589202],[107.881212,21.609248],[107.886095,21.626703],[107.855944,21.655254],[107.838331,21.642971],[107.813972,21.658894],[107.782702,21.657198],[107.674341,21.610412],[107.599584,21.604644],[107.573739,21.619016],[107.541838,21.591618],[107.522941,21.59125],[107.485785,21.600696],[107.495498,21.615806],[107.479678,21.658767],[107.460241,21.66466],[107.416738,21.642007],[107.380715,21.597087],[107.360577,21.601699],[107.334235,21.589204],[107.29338,21.594252],[107.278957,21.566378],[107.203258,21.543086],[107.231013,21.521095],[107.244091,21.48317],[107.242485,21.436578],[107.262651,21.400564],[107.250845,21.368421],[107.238467,21.366245],[107.215046,21.389589],[107.167887,21.3644],[107.097012,21.376483],[107.093307,21.359899],[107.029895,21.324301],[107.018226,21.301486],[106.972087,21.285488],[106.983129,21.259049],[106.974917,21.228105],[106.932957,21.170595],[106.913118,21.185015],[106.869656,21.175321],[106.854568,21.189252],[106.824914,21.189719],[106.828263,21.155366],[106.792438,21.150587],[106.642883,21.176913],[106.609148,21.172266],[106.579345,21.192336],[106.541687,21.193018],[106.526588,21.222956],[106.499546,21.226439],[106.48264,21.131048],[106.439695,21.117308],[106.448906,21.095288],[106.439472,21.078303],[106.453786,21.066393],[106.515824,21.060691],[106.51384,21.047026],[106.574534,21.057695],[106.622137,21.012901],[106.651465,21.019921],[106.749804,20.99486],[106.765678,20.97562],[106.768385,20.946197],[106.767727,20.910674],[106.751344,20.885212],[106.757025,20.859821],[106.783071,20.836967],[106.821504,20.830349],[106.834464,20.813701],[106.841219,20.818342],[106.854641,20.836291],[106.868578,20.833395]]]]},"properties":{"id":"diaphanhanhchinhcaptinh_sn.106","ten":"Tỉnh Quảng Ninh","type":"Tỉnh","ma":"22","area_km2":6207.95,"population":1497447,"density":241.2144105542087,"capital":"giữ nguyên","decree":"Nghị quyết số 202/2025/QH15","predecessors":"giữ nguyên","macro_region":"red_river_delta","parent_ma":null,"parent_ten":null}},
{"type":"Feature","geometry":{"type":"Polygon","coordinates":[[[107.385952,16.743931],[107.231727,16.866822],[107.144279,16.95829],[107.111103,17.011069],[107.10519,17.091831],[106.95902,17.186627],[106.756132,17.342062],[106.625984,17.48615],[106.523721,17.638433],[106.446396,17.80982],[106.449452,17.8782],[106.480849,17.921979],[106.513634,17.942466],[106.508303,17.960933],[106.446866,17.951332],[106.433665,17.973062],[106.336961,17.992279],[106.321918,17.964018],[106.305938,17.963468],[106.282563,17.940549],[106.279182,17.918542],[106.259976,17.914372],[106.222827,17.930086],[106.197569,17.917438],[106.140196,17.920618],[106.044007,17.947061],[106.046006,17.966036],[106.075678,17.989638],[106.044539,18.026728],[106.019289,18.026126],[105.985414,18.063613],[105.948598,18.059424],[105.929883,18.090079],[105.916629,18.081442],[105.893913,18.090919],[105.869764,18.067884],[105.82558,18.064494],[105.81115,18.053969],[105.831206,18.046263],[105.827164,18.032953],[105.814695,18.038503],[105.77518,18.018106],[105.736576,18.03752],[105.70459,17.9939],[105.641762,17.993556],[105.640526,17.963766],[105.626996,17.953289],[105.607056,17.891525],[105.681329,17.835363],[105.673557,17.796205],[105.728128,17.745708],[105.74891,17.669321],[105.779765,17.67728],[105.814922,17.645279],[105.827401,17.655271],[105.83421,17.630974],[105.851975,17.635952],[105.851544,17.620999],[106.090138,17.361578],[106.195713,17.275308],[106.246183,17.246474],[106.27533,17.264671],[106.27574,17.296801],[106.301258,17.295653],[106.316347,17.249196],[106.306745,17.240796],[106.332872,17.234102],[106.323415,17.217026],[106.300913,17.210093],[106.321193,17.201454],[106.325015,17.182765],[106.354423,17.159734],[106.347836,17.148299],[106.37144,17.112009],[106.415498,17.079229],[106.400456,17.053222],[106.436286,16.99698],[106.45864,17.001791],[106.468965,16.985285],[106.512951,16.97243],[106.548113,17.00888],[106.545694,16.926787],[106.522434,16.926579],[106.514303,16.910959],[106.516712,16.890695],[106.549182,16.867701],[106.55019,16.695332],[106.563262,16.642622],[106.588202,16.624344],[106.583178,16.602982],[106.613635,16.607138],[106.626547,16.583108],[106.643765,16.594915],[106.665385,16.58495],[106.670534,16.561303],[106.650038,16.545874],[106.645474,16.526168],[106.663458,16.504225],[106.658742,16.474434],[106.672173,16.476464],[106.67378,16.453503],[106.682869,16.458617],[106.685916,16.439897],[106.724214,16.426243],[106.733034,16.440335],[106.738055,16.411758],[106.74391,16.424931],[106.770126,16.433103],[106.76912,16.468752],[106.790061,16.474517],[106.800199,16.464589],[106.828698,16.549537],[106.842513,16.548411],[106.88866,16.512612],[106.874468,16.471423],[106.885213,16.454567],[106.869963,16.429744],[106.898357,16.427446],[106.895895,16.39285],[106.961787,16.358167],[106.96736,16.303398],[107.005527,16.314385],[107.044721,16.300464],[107.079583,16.313283],[107.059721,16.349026],[107.03254,16.359603],[107.057981,16.386251],[107.059744,16.411946],[107.093302,16.405105],[107.110114,16.386732],[107.151022,16.391799],[107.139278,16.407334],[107.146666,16.436714],[107.129391,16.449125],[107.122341,16.48373],[107.063968,16.512756],[107.053663,16.525244],[107.059836,16.544633],[107.119248,16.554542],[107.136074,16.571274],[107.169999,16.579457],[107.24415,16.587648],[107.269053,16.566564],[107.300946,16.587366],[107.323412,16.586692],[107.33257,16.599998],[107.304697,16.641515],[107.319531,16.653907],[107.326704,16.643334],[107.316634,16.663168],[107.355538,16.698773],[107.350026,16.709122],[107.367961,16.734873],[107.385952,16.743931]]]},"properties":{"id":"diaphanhanhchinhcaptinh_sn.54","ten":"Tỉnh Quảng Trị","type":"Tỉnh","ma":"44","area_km2":12700,"population":1870845,"density":147.31062992125985,"capital":"Quảng Bình (cũ)","decree":"Nghị quyết số 202/2025/QH15","predecessors":"tỉnh Quảng Bình và tỉnh Quảng Trị","macro_region":"central_coast","parent_ma":null,"parent_ten":null}},
{"type":"Feature","geometry":{"type":"Polygon","coordinates":[[[103.921506,21.701227],[103.90588,21.69648],[103.880689,21.710363],[103.876282,21.687471],[103.851541,21.69266],[103.835484,21.71029],[103.833191,21.741948],[103.802757,21.741135],[103.774156,21.779625],[103.753225,21.783993],[103.754653,21.810319],[103.721275,21.809588],[103.694869,21.826884],[103.720395,21.879833],[103.703765,21.886132],[103.70258,21.904341],[103.681112,21.92334],[103.685133,21.943733],[103.664657,21.951188],[103.648945,21.994162],[103.632257,21.991523],[103.539669,22.030824],[103.511658,22.015268],[103.511228,21.991748],[103.49487,21.971985],[103.504521,21.957101],[103.484066,21.939584],[103.483223,21.895154],[103.491727,21.877381],[103.520771,21.86211],[103.544138,21.801816],[103.539418,21.778336],[103.594768,21.678793],[103.56896,21.680752],[103.540866,21.649302],[103.557427,21.624509],[103.529557,21.586518],[103.530187,21.567309],[103.517243,21.566104],[103.515363,21.536244],[103.457618,21.518959],[103.445617,21.437244],[103.408023,21.427527],[103.391627,21.438658],[103.329257,21.41757],[103.359841,21.374404],[103.386219,21.368527],[103.367412,21.334006],[103.426337,21.314673],[103.438123,21.285757],[103.431212,21.169862],[103.395701,21.150996],[103.422245,21.070572],[103.378815,21.06185],[103.321434,21.094542],[103.286,21.097049],[103.301634,21.065218],[103.275246,21.057753],[103.296077,20.971769],[103.295065,20.947953],[103.273805,20.938297],[103.286651,20.907891],[103.213692,20.897147],[103.231029,20.8758],[103.232289,20.838463],[103.260001,20.825974],[103.285569,20.839005],[103.295834,20.822657],[103.362856,20.807635],[103.397306,20.783909],[103.412128,20.79726],[103.43619,20.797674],[103.441336,20.817269],[103.460359,20.828085],[103.5086,20.755352],[103.598147,20.745461],[103.64667,20.699978],[103.668078,20.696854],[103.675118,20.667294],[103.693236,20.663755],[103.743252,20.679999],[103.72923,20.734673],[103.787728,20.748064],[103.773687,20.806032],[103.79801,20.826141],[103.798238,20.849176],[103.81986,20.873715],[103.846492,20.863251],[103.894123,20.90731],[103.946283,20.8968],[103.972722,20.913995],[104.03084,20.905044],[104.045793,20.917129],[104.052365,20.952395],[104.102259,20.977636],[104.13476,20.948805],[104.186614,20.957541],[104.236354,20.936864],[104.237714,20.912286],[104.251361,20.900732],[104.266751,20.921705],[104.288153,20.924409],[104.328167,20.886339],[104.325719,20.85826],[104.422906,20.794345],[104.445825,20.800132],[104.449076,20.783203],[104.478229,20.770808],[104.493014,20.716938],[104.519585,20.702979],[104.532391,20.717727],[104.557162,20.720793],[104.582714,20.701595],[104.590025,20.678091],[104.633076,20.673752],[104.634389,20.654449],[104.681253,20.615713],[104.681639,20.598838],[104.71376,20.605512],[104.739625,20.574944],[104.797467,20.586594],[104.797051,20.620255],[104.844535,20.65184],[104.834956,20.660594],[104.833568,20.69836],[104.847868,20.70391],[104.838012,20.750235],[104.885063,20.760963],[105,20.723907],[105.015135,20.732377],[104.988871,20.755409],[105.021812,20.802684],[104.99594,20.815483],[105.004031,20.844659],[104.972521,20.90929],[104.940541,20.932704],[104.864799,21.033048],[104.851801,21.077535],[104.865942,21.077173],[104.874289,21.098692],[104.910615,21.112895],[104.851787,21.152479],[104.862508,21.207279],[104.84283,21.226665],[104.853742,21.236785],[104.839729,21.266696],[104.841285,21.309464],[104.812105,21.33531],[104.769049,21.330731],[104.76483,21.347875],[104.746775,21.356543],[104.732075,21.405827],[104.68989,21.401586],[104.672153,21.376542],[104.585616,21.423751],[104.577392,21.410748],[104.526927,21.413472],[104.473632,21.354242],[104.429542,21.355765],[104.388823,21.40183],[104.366337,21.400199],[104.345028,21.41941],[104.324729,21.411588],[104.280968,21.471905],[104.291805,21.518396],[104.274853,21.55143],[104.294973,21.57331],[104.28707,21.602453],[104.336774,21.642077],[104.333019,21.655758],[104.215806,21.673347],[104.194171,21.64883],[104.143719,21.656199],[104.088298,21.643282],[104.027387,21.672469],[103.935866,21.670478],[103.921506,21.701227]]]},"properties":{"id":"diaphanhanhchinhcaptinh_sn.110","ten":"Tỉnh Sơn La","type":"Tỉnh","ma":"14","area_km2":14108.89,"population":1404587,"density":99.5533312684414,"capital":"giữ nguyên","decree":"Nghị quyết số 202/2025/QH15","predecessors":"giữ nguyên","macro_region":"northern_midlands","parent_ma":null,"parent_ten":null}},
{"type":"Feature","geometry":{"type":"Polygon","coordinates":[[[106.450688,11.672123],[106.413783,11.678141],[106.381192,11.698634],[106.29828,11.680957],[106.253014,11.726925],[106.213886,11.728894],[106.185247,11.751252],[106.152545,11.736736],[106.109615,11.744522],[106.058835,11.783892],[106.014287,11.768823],[106.013451,11.727295],[105.952442,11.640953],[105.880715,11.678092],[105.850997,11.662779],[105.809416,11.607058],[105.816838,11.569651],[105.858078,11.5652],[105.875602,11.550185],[105.883584,11.521933],[105.873684,11.461904],[105.901492,11.443196],[105.873021,11.406293],[105.881009,11.359939],[105.86197,11.286138],[105.906753,11.285304],[105.909289,11.241308],[105.940522,11.206579],[106.012324,11.191661],[106.018711,11.147079],[106.07444,11.09883],[106.087865,11.099848],[106.101093,11.072863],[106.15222,11.102704],[106.185889,11.051491],[106.203891,10.976998],[106.144712,10.98053],[106.149832,10.94238],[106.136458,10.915734],[106.186474,10.838984],[106.188304,10.791035],[106.162759,10.812668],[106.069168,10.812734],[105.943375,10.918482],[105.954618,10.885449],[105.928473,10.863497],[105.93371,10.839511],[105.84806,10.86366],[105.861767,10.902297],[105.777248,11.032997],[105.718371,11.022857],[105.66178,10.987275],[105.499718,10.952603],[105.514533,10.922888],[105.580356,10.893559],[105.609614,10.83366],[105.59493,10.830919],[105.778814,10.659722],[105.833464,10.638345],[105.90737,10.540112],[106.095155,10.523698],[106.102218,10.577017],[106.28441,10.587909],[106.308628,10.566435],[106.318556,10.570807],[106.350104,10.525114],[106.366853,10.519751],[106.368919,10.488936],[106.38778,10.477652],[106.407596,10.49258],[106.451762,10.45157],[106.415882,10.42796],[106.426642,10.412829],[106.452294,10.412241],[106.445091,10.403298],[106.454385,10.395975],[106.525752,10.433499],[106.556675,10.425136],[106.557599,10.413869],[106.583352,10.418265],[106.584595,10.437552],[106.62552,10.453127],[106.645499,10.484776],[106.656759,10.476898],[106.661046,10.44378],[106.676312,10.439506],[106.732825,10.498018],[106.745673,10.535042],[106.742456,10.576022],[106.73545,10.587248],[106.72687,10.58137],[106.71753,10.60589],[106.730427,10.610959],[106.729769,10.636549],[106.684733,10.657252],[106.637792,10.624303],[106.605121,10.6587],[106.554006,10.652326],[106.548926,10.686098],[106.532641,10.688325],[106.527586,10.718668],[106.485684,10.730445],[106.461843,10.75754],[106.502911,10.789956],[106.53016,10.90329],[106.410342,10.975835],[106.372142,10.971439],[106.355524,10.991774],[106.411366,11.008629],[106.42646,11.09241],[106.446956,11.131318],[106.428445,11.149483],[106.429788,11.174345],[106.385642,11.187694],[106.377987,11.233192],[106.350593,11.250455],[106.354237,11.287262],[106.339037,11.287287],[106.344031,11.323717],[106.327888,11.350982],[106.365622,11.446852],[106.42166,11.496019],[106.428476,11.535655],[106.441571,11.548297],[106.477885,11.547511],[106.486914,11.569136],[106.482557,11.60539],[106.464497,11.622829],[106.450688,11.672123]]]},"properties":{"id":"diaphanhanhchinhcaptinh_sn.40","ten":"Tỉnh Tây Ninh","type":"Tỉnh","ma":"80","area_km2":8536.44,"population":3254170,"density":381.2092628777336,"capital":"Long An (cũ)","decree":"Nghị quyết số 202/2025/QH15","predecessors":"tỉnh Long An và tỉnh Tây Ninh","macro_region":"southeast","parent_ma":null,"parent_ten":null}},
{"type":"Feature","geometry":{"type":"Polygon","coordinates":[[[106.184238,21.606141],[106.195736,21.62108],[106.190525,21.648767],[106.223228,21.680322],[106.233682,21.727783],[106.178328,21.743603],[106.133073,21.786224],[106.111335,21.784794],[106.093722,21.82105],[106.116011,21.843344],[106.112034,21.891457],[106.130196,21.918321],[106.095908,21.939139],[106.108511,21.948257],[106.096484,21.957861],[106.110753,21.964218],[106.112825,21.993387],[106.094207,22.03357],[106.09639,22.067255],[106.120899,22.086269],[106.155302,22.083162],[106.18863,22.14333],[106.230025,22.175945],[106.219308,22.205183],[106.244848,22.256373],[106.198569,22.30918],[106.217941,22.351158],[106.183524,22.387153],[106.164031,22.409457],[106.137236,22.39532],[106.106252,22.400697],[106.097233,22.414754],[106.093082,22.446154],[106.116984,22.473494],[106.117243,22.508503],[106.07247,22.556336],[106.078578,22.574219],[106.045827,22.578738],[106.030867,22.560432],[105.955969,22.527994],[105.928131,22.527436],[105.909187,22.497288],[105.858114,22.522383],[105.802251,22.52609],[105.773083,22.552222],[105.775225,22.576303],[105.748975,22.590768],[105.750806,22.609069],[105.726824,22.637511],[105.771621,22.690201],[105.751983,22.707282],[105.756386,22.724915],[105.734227,22.741673],[105.69316,22.723303],[105.663093,22.723857],[105.645179,22.701767],[105.616805,22.701698],[105.597285,22.667618],[105.547751,22.657803],[105.528938,22.634074],[105.547743,22.585201],[105.593017,22.53557],[105.593912,22.493595],[105.551426,22.439782],[105.559166,22.405112],[105.519774,22.402578],[105.511352,22.351306],[105.478291,22.311765],[105.486813,22.294104],[105.460669,22.284167],[105.463117,22.267171],[105.434805,22.259006],[105.429601,22.213714],[105.46551,22.164991],[105.490825,22.157468],[105.46106,22.115404],[105.47133,22.098115],[105.466401,22.069952],[105.506893,21.993238],[105.554522,21.959156],[105.543474,21.896257],[105.51802,21.882633],[105.523917,21.833959],[105.492614,21.828059],[105.494358,21.77397],[105.522006,21.768688],[105.507619,21.747835],[105.514744,21.738731],[105.478714,21.699116],[105.502013,21.61636],[105.540881,21.576042],[105.60024,21.526582],[105.643502,21.467588],[105.721955,21.433126],[105.721675,21.413424],[105.75378,21.412769],[105.759113,21.379507],[105.782894,21.361602],[105.797131,21.384013],[105.848622,21.377436],[105.858746,21.338661],[105.889954,21.327253],[105.88014,21.339577],[105.899053,21.344855],[105.908301,21.375641],[105.941363,21.37785],[105.959598,21.43634],[105.97427,21.417694],[106.019428,21.397202],[106.033141,21.410529],[106.024528,21.434581],[106.049467,21.451923],[106.038992,21.47264],[106.054402,21.552805],[106.028596,21.562974],[106.05562,21.602176],[106.095283,21.625367],[106.123827,21.617504],[106.158638,21.626802],[106.184238,21.606141]]]},"properties":{"id":"diaphanhanhchinhcaptinh_sn.101","ten":"Tỉnh Thái Nguyên","type":"Tỉnh","ma":"19","area_km2":8375.21,"population":1799489,"density":214.8589707004362,"capital":"Thái Nguyên (cũ)","decree":"Nghị quyết số 202/2025/QH15","predecessors":"tỉnh Bắc Kạn và tỉnh Thái Nguyên","macro_region":"northern_midlands","parent_ma":null,"parent_ten":null}},
{"type":"Feature","geometry":{"type":"MultiPolygon","coordinates":[[[[105.930962,19.383343],[105.912074,19.382886],[105.924571,19.359721],[105.930962,19.383343]]],[[[105.541707,20.36431],[105.528501,20.371672],[105.500977,20.36151],[105.427656,20.387557],[105.402466,20.375667],[105.349851,20.391389],[105.256544,20.435206],[105.262811,20.459097],[105.24078,20.475957],[105.242879,20.490343],[105.204881,20.518954],[105.167794,20.517778],[105.153588,20.542706],[105.103361,20.572317],[105.078127,20.578002],[105.045767,20.559581],[105.020022,20.559792],[105.001825,20.574127],[104.958282,20.580472],[104.966627,20.596315],[104.957135,20.629568],[104.898273,20.669748],[104.852604,20.662932],[104.844535,20.65184],[104.797051,20.620255],[104.797467,20.586594],[104.739625,20.574944],[104.71376,20.605512],[104.681639,20.598838],[104.681253,20.615713],[104.634389,20.654449],[104.600694,20.607842],[104.540098,20.599561],[104.522984,20.552471],[104.49446,20.543873],[104.475846,20.52078],[104.41455,20.491739],[104.386427,20.489899],[104.376133,20.445917],[104.412992,20.427326],[104.406539,20.385623],[104.468762,20.37111],[104.52163,20.393139],[104.526494,20.413093],[104.603232,20.420254],[104.622226,20.458629],[104.642521,20.471255],[104.668188,20.469758],[104.665148,20.451747],[104.715989,20.405664],[104.683775,20.402898],[104.614213,20.358134],[104.621557,20.30038],[104.608051,20.2734],[104.611777,20.245163],[104.630059,20.229714],[104.662031,20.232876],[104.668616,20.221079],[104.718868,20.203936],[104.771755,20.198979],[104.853581,20.146018],[104.925694,20.159422],[104.924476,20.136963],[104.964844,20.101352],[104.987785,20.095741],[104.969358,20.062825],[104.919414,20.020409],[104.918681,19.997322],[104.959291,19.993664],[104.964659,19.97689],[105.050409,19.934248],[105.101949,19.937352],[105.170284,19.915787],[105.185811,19.864905],[105.147531,19.852441],[105.128645,19.825192],[105.13392,19.741367],[105.160252,19.723439],[105.151717,19.709741],[105.165335,19.684669],[105.222446,19.65044],[105.243227,19.658352],[105.255205,19.645338],[105.279531,19.598354],[105.269227,19.509394],[105.291541,19.475845],[105.332425,19.534354],[105.350346,19.539322],[105.39393,19.450916],[105.427012,19.457375],[105.443326,19.442991],[105.463525,19.457093],[105.481639,19.450404],[105.522941,19.464603],[105.588407,19.371474],[105.624858,19.381389],[105.641238,19.354069],[105.66602,19.341132],[105.662453,19.315317],[105.672946,19.320785],[105.687294,19.302252],[105.739543,19.32225],[105.761649,19.295456],[105.798202,19.302535],[105.803323,19.288795],[105.808212,19.322049],[105.825917,19.305879],[105.824109,19.339554],[105.811351,19.331412],[105.800754,19.33881],[105.782206,19.39991],[105.795702,19.427628],[105.810995,19.429359],[105.804728,19.522541],[105.831923,19.654368],[105.860602,19.716713],[105.877169,19.731821],[105.895584,19.72294],[105.932509,19.782006],[105.932906,19.836799],[105.963977,19.891034],[105.947015,19.892266],[105.952365,19.921471],[106.023339,19.965762],[106.025302,19.993389],[106.051922,20.006705],[106.071156,20.06385],[105.960333,20.067478],[105.892514,20.120746],[105.741631,20.186091],[105.691438,20.222553],[105.647402,20.275267],[105.614546,20.286086],[105.598197,20.31232],[105.562264,20.31779],[105.541707,20.36431]]]]},"properties":{"id":"diaphanhanhchinhcaptinh_sn.61","ten":"Tỉnh Thanh Hóa","type":"Tỉnh","ma":"38","area_km2":11114.71,"population":4324783,"density":389.10443907218456,"capital":"giữ nguyên","decree":"Nghị quyết số 202/2025/QH15","predecessors":"giữ nguyên","macro_region":"central_coast","parent_ma":null,"parent_ten":null}},
{"type":"Feature","geometry":{"type":"Polygon","coordinates":[[[105.528938,22.634074],[105.494745,22.635138],[105.484931,22.677502],[105.49722,22.702947],[105.474166,22.719761],[105.469132,22.752081],[105.264845,22.868488],[105.267308,22.880958],[105.302147,22.876399],[105.306287,22.913649],[105.360882,22.943229],[105.366482,22.987435],[105.487423,23.010147],[105.529033,23.112133],[105.561348,23.119536],[105.572795,23.160307],[105.550113,23.189224],[105.49765,23.203526],[105.489186,23.235098],[105.439614,23.300658],[105.427191,23.30374],[105.414365,23.286937],[105.370934,23.3185],[105.348141,23.367581],[105.320943,23.393308],[105.281683,23.342969],[105.249519,23.337314],[105.256184,23.317757],[105.232783,23.289634],[105.232948,23.263797],[105.17091,23.290295],[105.153191,23.267282],[105.107954,23.247096],[105.077928,23.267144],[104.994922,23.204361],[104.96096,23.199867],[104.946061,23.152214],[104.904332,23.180915],[104.880639,23.167702],[104.874032,23.126915],[104.824083,23.110979],[104.80025,23.116907],[104.830827,22.985283],[104.857785,22.977955],[104.863136,22.953767],[104.836647,22.923549],[104.771322,22.901889],[104.75386,22.859961],[104.723402,22.852266],[104.730553,22.824505],[104.669842,22.819552],[104.621778,22.847661],[104.617478,22.823348],[104.598315,22.818989],[104.59524,22.847073],[104.574904,22.852616],[104.546244,22.841408],[104.470172,22.761435],[104.421673,22.738526],[104.396494,22.702531],[104.367888,22.689647],[104.350456,22.695093],[104.341456,22.714537],[104.335717,22.688531],[104.357443,22.674825],[104.388505,22.680033],[104.42832,22.615152],[104.458653,22.611228],[104.464081,22.576861],[104.424428,22.574513],[104.412816,22.533611],[104.471675,22.487375],[104.447882,22.461284],[104.451343,22.445078],[104.464775,22.426167],[104.547216,22.381663],[104.547972,22.357759],[104.579227,22.348892],[104.563891,22.332528],[104.577098,22.304761],[104.543366,22.278131],[104.546641,22.244545],[104.584258,22.253371],[104.609254,22.292099],[104.669684,22.276015],[104.680118,22.262871],[104.717436,22.260624],[104.727202,22.238735],[104.719798,22.209866],[104.757501,22.17254],[104.807672,22.172607],[104.845767,22.186491],[104.877477,22.075784],[104.928073,22.062123],[104.962294,22.029696],[104.996498,22.043602],[104.985058,21.938039],[105.016464,21.935437],[105.012151,21.89935],[105.036566,21.890564],[105.043329,21.86574],[105.099254,21.813468],[105.056454,21.745719],[105.084832,21.718221],[105.232936,21.659846],[105.224541,21.626847],[105.246673,21.615445],[105.248073,21.583724],[105.271548,21.56301],[105.264903,21.547409],[105.292178,21.538664],[105.299125,21.510383],[105.335065,21.505383],[105.369208,21.525806],[105.425205,21.503343],[105.515133,21.534902],[105.540881,21.576042],[105.502013,21.61636],[105.478714,21.699116],[105.514744,21.738731],[105.507619,21.747835],[105.522006,21.768688],[105.494358,21.77397],[105.492614,21.828059],[105.523917,21.833959],[105.51802,21.882633],[105.543474,21.896257],[105.554522,21.959156],[105.506893,21.993238],[105.466401,22.069952],[105.47133,22.098115],[105.46106,22.115404],[105.490825,22.157468],[105.46551,22.164991],[105.429601,22.213714],[105.434805,22.259006],[105.463117,22.267171],[105.460669,22.284167],[105.486813,22.294104],[105.478291,22.311765],[105.511352,22.351306],[105.519774,22.402578],[105.559166,22.405112],[105.551426,22.439782],[105.593912,22.493595],[105.593017,22.53557],[105.547743,22.585201],[105.528938,22.634074]]]},"properties":{"id":"diaphanhanhchinhcaptinh_sn.121","ten":"Tỉnh Tuyên Quang","type":"Tỉnh","ma":"08","area_km2":13795.5,"population":1865270,"density":135.2085825087891,"capital":"Tuyên Quang (cũ)","decree":"Nghị quyết số 202/2025/QH15","predecessors":"tỉnh Hà Giang và tỉnh Tuyên Quang","macro_region":"northern_midlands","parent_ma":null,"parent_ten":null}},
{"type":"Feature","geometry":{"type":"MultiPolygon","coordinates":[[[[105.68095,10.135172],[105.785281,10.066147],[105.861494,9.964652],[105.982464,9.882963],[106.00014,9.842696],[106.111567,9.75193],[106.223065,9.637354],[106.301682,9.581526],[106.326096,9.590714],[106.371098,9.551655],[106.37651,9.530673],[106.403214,9.53752],[106.408061,9.528662],[106.487477,9.552817],[106.533078,9.58647],[106.575961,9.665493],[106.566012,9.739209],[106.651729,9.826677],[106.686183,9.878203],[106.660443,9.927803],[106.621974,9.951024],[106.703906,10.041386],[106.73609,10.045435],[106.77711,10.091073],[106.790382,10.115089],[106.770567,10.132736],[106.786189,10.137305],[106.787016,10.192436],[106.746656,10.193808],[106.672826,10.237059],[106.53645,10.267643],[106.388111,10.341225],[106.301702,10.320829],[106.27567,10.327204],[106.201174,10.315819],[106.143254,10.285859],[106.08503,10.277646],[105.986425,10.332239],[105.924864,10.284443],[105.874916,10.266025],[105.888362,10.246113],[105.900266,10.246517],[105.917435,10.212297],[105.911144,10.19343],[105.874159,10.190625],[105.867029,10.153874],[105.79961,10.156426],[105.773607,10.189386],[105.762667,10.179346],[105.726003,10.206226],[105.68095,10.135172]]],[[[106.836048,10.153523],[106.847163,10.15956],[106.80619,10.176006],[106.836048,10.153523]]]]},"properties":{"id":"diaphanhanhchinhcaptinh_sn.42","ten":"Tỉnh Vĩnh Long","type":"Tỉnh","ma":"86","area_km2":6296.2,"population":4257581,"density":676.2143832788031,"capital":"Vĩnh Long (cũ)","decree":"Nghị quyết số 202/2025/QH15","predecessors":"tỉnh Bến Tre, tỉnh Trà Vinh và tỉnh Vĩnh Long","macro_region":"mekong_delta","parent_ma":null,"parent_ten":null}}
]}